exec VYMAZ_DATA_VSECH_TABULEK;
exec VYPNI_CIZI_KLICE;
alter session set nls_date_format='dd/mm/yyyy';

-------------------------------------------------------------------------------
--									CITY									 --
-------------------------------------------------------------------------------
insert into CITY (CITY_ID, CITY_NAME) values (1, 'Goubangzi');
insert into CITY (CITY_ID, CITY_NAME) values (2, 'Tan-Tan');
insert into CITY (CITY_ID, CITY_NAME) values (3, 'Luokou');
insert into CITY (CITY_ID, CITY_NAME) values (4, 'Prague');
insert into CITY (CITY_ID, CITY_NAME) values (5, 'Lijia');
insert into CITY (CITY_ID, CITY_NAME) values (6, 'Wichit');
insert into CITY (CITY_ID, CITY_NAME) values (7, 'Champagnole');
insert into CITY (CITY_ID, CITY_NAME) values (8, 'Kambove');
insert into CITY (CITY_ID, CITY_NAME) values (9, 'Javānrūd');
insert into CITY (CITY_ID, CITY_NAME) values (10, 'Koktal');
insert into CITY (CITY_ID, CITY_NAME) values (11, 'Sam Phran');
insert into CITY (CITY_ID, CITY_NAME) values (12, 'Labin');
insert into CITY (CITY_ID, CITY_NAME) values (13, 'Rouen');
insert into CITY (CITY_ID, CITY_NAME) values (14, 'Dongla');
insert into CITY (CITY_ID, CITY_NAME) values (15, 'Amadora');
insert into CITY (CITY_ID, CITY_NAME) values (16, 'Cusapín');
insert into CITY (CITY_ID, CITY_NAME) values (17, 'Wangshi');
insert into CITY (CITY_ID, CITY_NAME) values (18, 'Botshabelo');
insert into CITY (CITY_ID, CITY_NAME) values (19, 'Baitoa');
insert into CITY (CITY_ID, CITY_NAME) values (20, 'Chóra');
insert into CITY (CITY_ID, CITY_NAME) values (21, 'Chengkan');
insert into CITY (CITY_ID, CITY_NAME) values (22, 'Tabia');
insert into CITY (CITY_ID, CITY_NAME) values (23, 'Manadhoo');
insert into CITY (CITY_ID, CITY_NAME) values (24, 'Chernelytsya');
insert into CITY (CITY_ID, CITY_NAME) values (25, 'Guingamp');
insert into CITY (CITY_ID, CITY_NAME) values (26, 'Taihu');
insert into CITY (CITY_ID, CITY_NAME) values (27, 'Vershino-Shakhtaminskiy');
insert into CITY (CITY_ID, CITY_NAME) values (28, 'Põltsamaa');
insert into CITY (CITY_ID, CITY_NAME) values (29, 'Velikiye Borki');
insert into CITY (CITY_ID, CITY_NAME) values (30, 'Provins');
insert into CITY (CITY_ID, CITY_NAME) values (31, 'Poroçan');
insert into CITY (CITY_ID, CITY_NAME) values (32, 'Akráta');
insert into CITY (CITY_ID, CITY_NAME) values (33, 'Pahing Jalatrang');
insert into CITY (CITY_ID, CITY_NAME) values (34, 'Yanahuanca');
insert into CITY (CITY_ID, CITY_NAME) values (35, 'Penanggal');
insert into CITY (CITY_ID, CITY_NAME) values (36, 'Bokhan');
insert into CITY (CITY_ID, CITY_NAME) values (37, 'Yangjian');
insert into CITY (CITY_ID, CITY_NAME) values (38, 'Dingtao');
insert into CITY (CITY_ID, CITY_NAME) values (39, 'Takamatsu-shi');
insert into CITY (CITY_ID, CITY_NAME) values (40, 'Mathakola');
insert into CITY (CITY_ID, CITY_NAME) values (41, 'Fushë-Muhurr');
insert into CITY (CITY_ID, CITY_NAME) values (42, 'Linköping');
insert into CITY (CITY_ID, CITY_NAME) values (43, 'Venëv');
insert into CITY (CITY_ID, CITY_NAME) values (44, 'Sang-e Chārak');
insert into CITY (CITY_ID, CITY_NAME) values (45, 'Lomma');
insert into CITY (CITY_ID, CITY_NAME) values (46, 'Obsharovka');
insert into CITY (CITY_ID, CITY_NAME) values (47, 'Abomsa');
insert into CITY (CITY_ID, CITY_NAME) values (48, 'Lingquan');
insert into CITY (CITY_ID, CITY_NAME) values (49, 'Papineauville');
insert into CITY (CITY_ID, CITY_NAME) values (50, 'Akron');
insert into CITY (CITY_ID, CITY_NAME) values (51, 'Shuangmiao');
insert into CITY (CITY_ID, CITY_NAME) values (52, 'Jinotega');
insert into CITY (CITY_ID, CITY_NAME) values (53, 'Lamphun');
insert into CITY (CITY_ID, CITY_NAME) values (54, 'Lizhuang');
insert into CITY (CITY_ID, CITY_NAME) values (55, 'Tignapalan');
insert into CITY (CITY_ID, CITY_NAME) values (56, 'Pamatang');
insert into CITY (CITY_ID, CITY_NAME) values (57, 'Solingen');
insert into CITY (CITY_ID, CITY_NAME) values (58, 'San Clemente');
insert into CITY (CITY_ID, CITY_NAME) values (59, 'Xiangshi');
insert into CITY (CITY_ID, CITY_NAME) values (60, 'Nuštar');
insert into CITY (CITY_ID, CITY_NAME) values (61, 'Myasnikyan');
insert into CITY (CITY_ID, CITY_NAME) values (62, 'Talisay');
insert into CITY (CITY_ID, CITY_NAME) values (63, 'Matai');
insert into CITY (CITY_ID, CITY_NAME) values (64, 'Khujirt');
insert into CITY (CITY_ID, CITY_NAME) values (65, 'Kazo');
insert into CITY (CITY_ID, CITY_NAME) values (66, 'Doctor Juan León Mallorquín');
insert into CITY (CITY_ID, CITY_NAME) values (67, 'Shigu');
insert into CITY (CITY_ID, CITY_NAME) values (68, 'Dadianzi');
insert into CITY (CITY_ID, CITY_NAME) values (69, 'Ngampon');
insert into CITY (CITY_ID, CITY_NAME) values (70, 'Akkol’');
insert into CITY (CITY_ID, CITY_NAME) values (71, 'Akkol’');
insert into CITY (CITY_ID, CITY_NAME) values (72, 'Gambang');
insert into CITY (CITY_ID, CITY_NAME) values (73, 'Villa Santa Rosa');
insert into CITY (CITY_ID, CITY_NAME) values (74, 'Hayan Hudong');
insert into CITY (CITY_ID, CITY_NAME) values (75, 'Aoshi');
insert into CITY (CITY_ID, CITY_NAME) values (76, 'Ciudad Tecún Umán');
insert into CITY (CITY_ID, CITY_NAME) values (77, 'Al ‘Awjah');
insert into CITY (CITY_ID, CITY_NAME) values (78, 'Burhānuddin');
insert into CITY (CITY_ID, CITY_NAME) values (79, 'Las Animas');
insert into CITY (CITY_ID, CITY_NAME) values (80, 'Caijiazha');
insert into CITY (CITY_ID, CITY_NAME) values (81, 'Nancun');
insert into CITY (CITY_ID, CITY_NAME) values (82, 'Åhus');
insert into CITY (CITY_ID, CITY_NAME) values (83, 'Hagfors');
insert into CITY (CITY_ID, CITY_NAME) values (84, 'Qingshan');
insert into CITY (CITY_ID, CITY_NAME) values (85, 'Al Finţās');
insert into CITY (CITY_ID, CITY_NAME) values (86, 'Lourdes');
insert into CITY (CITY_ID, CITY_NAME) values (87, 'Kongwan');
insert into CITY (CITY_ID, CITY_NAME) values (88, 'Tucupido');
insert into CITY (CITY_ID, CITY_NAME) values (89, 'Jepuro');
insert into CITY (CITY_ID, CITY_NAME) values (90, 'Changxi');
insert into CITY (CITY_ID, CITY_NAME) values (91, 'Beylagan');
insert into CITY (CITY_ID, CITY_NAME) values (92, 'Al Munīrah');
insert into CITY (CITY_ID, CITY_NAME) values (93, 'Tehrān');
insert into CITY (CITY_ID, CITY_NAME) values (94, 'Socorro');
insert into CITY (CITY_ID, CITY_NAME) values (95, 'Shangdundu');
insert into CITY (CITY_ID, CITY_NAME) values (96, 'Jiehu');
insert into CITY (CITY_ID, CITY_NAME) values (97, 'Halimpu');
insert into CITY (CITY_ID, CITY_NAME) values (98, 'Non Narai');
insert into CITY (CITY_ID, CITY_NAME) values (99, 'Svalöv');
insert into CITY (CITY_ID, CITY_NAME) values (100, 'Kota Bharu');


-------------------------------------------------------------------------------
--									SCHOOL									 --
-------------------------------------------------------------------------------
insert into SCHOOL (SCHOOL_ID, SCHOOL_NAME, CITY_ID) values (1, 'Inner Mongolia University', 88);
insert into SCHOOL (SCHOOL_ID, SCHOOL_NAME, CITY_ID) values (2, 'Universidad Central de Nicaragua', 9);
insert into SCHOOL (SCHOOL_ID, SCHOOL_NAME, CITY_ID) values (3, 'Jishou University', 57);
insert into SCHOOL (SCHOOL_ID, SCHOOL_NAME, CITY_ID) values (4, 'Toyo Gakuen University', 17);
insert into SCHOOL (SCHOOL_ID, SCHOOL_NAME, CITY_ID) values (5, 'Asahikawa University', 66);
insert into SCHOOL (SCHOOL_ID, SCHOOL_NAME, CITY_ID) values (6, 'Dankook University', 5);
insert into SCHOOL (SCHOOL_ID, SCHOOL_NAME, CITY_ID) values (7, 'College for Financial Planning', 10);
insert into SCHOOL (SCHOOL_ID, SCHOOL_NAME, CITY_ID) values (8, 'Universidad de Medellín', 95);
insert into SCHOOL (SCHOOL_ID, SCHOOL_NAME, CITY_ID) values (9, 'Mayo Medical School', 55);
insert into SCHOOL (SCHOOL_ID, SCHOOL_NAME, CITY_ID) values (10, 'Thomas Jefferson University', 99);
insert into SCHOOL (SCHOOL_ID, SCHOOL_NAME, CITY_ID) values (11, 'Université Sorbonne-Nouvelle (Paris III)', 70);
insert into SCHOOL (SCHOOL_ID, SCHOOL_NAME, CITY_ID) values (12, 'Technical University of Zielona Gora', 87);
insert into SCHOOL (SCHOOL_ID, SCHOOL_NAME, CITY_ID) values (13, 'Pontificia Universidad Catolica de Chile', 94);
insert into SCHOOL (SCHOOL_ID, SCHOOL_NAME, CITY_ID) values (14, 'Mahachulalongkorn Buddhist University', 81);
insert into SCHOOL (SCHOOL_ID, SCHOOL_NAME, CITY_ID) values (15, 'Samara State Academy of Architecture and Civil Engineering', 50);
insert into SCHOOL (SCHOOL_ID, SCHOOL_NAME, CITY_ID) values (16, 'Universitas Mahendradatta', 13);
insert into SCHOOL (SCHOOL_ID, SCHOOL_NAME, CITY_ID) values (17, 'Covenant University', 3);
insert into SCHOOL (SCHOOL_ID, SCHOOL_NAME, CITY_ID) values (18, 'Kyoto Prefectural University of Medicine', 23);
insert into SCHOOL (SCHOOL_ID, SCHOOL_NAME, CITY_ID) values (19, 'Universidad Americana', 36);
insert into SCHOOL (SCHOOL_ID, SCHOOL_NAME, CITY_ID) values (20, 'Universitas Jayabaya', 74);
insert into SCHOOL (SCHOOL_ID, SCHOOL_NAME, CITY_ID) values (21, 'St. Marianna University School of Medicine', 82);
insert into SCHOOL (SCHOOL_ID, SCHOOL_NAME, CITY_ID) values (22, 'Universidad Politecnica de Puerto Rico', 66);
insert into SCHOOL (SCHOOL_ID, SCHOOL_NAME, CITY_ID) values (23, 'Pontificia Università S. Tommaso', 94);
insert into SCHOOL (SCHOOL_ID, SCHOOL_NAME, CITY_ID) values (24, 'Kamchatka State University Vitus Bering', 97);
insert into SCHOOL (SCHOOL_ID, SCHOOL_NAME, CITY_ID) values (25, 'University of York', 80);
insert into SCHOOL (SCHOOL_ID, SCHOOL_NAME, CITY_ID) values (26, 'Tokyo Medical College', 83);
insert into SCHOOL (SCHOOL_ID, SCHOOL_NAME, CITY_ID) values (27, 'Universidad Autónoma de Colombia', 16);
insert into SCHOOL (SCHOOL_ID, SCHOOL_NAME, CITY_ID) values (28, 'University of Italian Studies for Foreigners of Perugia', 73);
insert into SCHOOL (SCHOOL_ID, SCHOOL_NAME, CITY_ID) values (29, 'Université de Bretagne Occidentale', 4);
insert into SCHOOL (SCHOOL_ID, SCHOOL_NAME, CITY_ID) values (30, 'Hungarian Academy of Craft and Design', 79);
insert into SCHOOL (SCHOOL_ID, SCHOOL_NAME, CITY_ID) values (31, 'Persian Gulf University', 9);
insert into SCHOOL (SCHOOL_ID, SCHOOL_NAME, CITY_ID) values (32, 'Mills College', 80);
insert into SCHOOL (SCHOOL_ID, SCHOOL_NAME, CITY_ID) values (33, 'Ilia Chavchavadze State University', 70);
insert into SCHOOL (SCHOOL_ID, SCHOOL_NAME, CITY_ID) values (34, 'Caritas University', 4);
insert into SCHOOL (SCHOOL_ID, SCHOOL_NAME, CITY_ID) values (35, 'Universidad Católica de Santa Fé', 92);
insert into SCHOOL (SCHOOL_ID, SCHOOL_NAME, CITY_ID) values (36, 'University of Louisiana at Lafayette', 68);
insert into SCHOOL (SCHOOL_ID, SCHOOL_NAME, CITY_ID) values (37, 'Augustana Hochschule Neuendettelsau', 56);
insert into SCHOOL (SCHOOL_ID, SCHOOL_NAME, CITY_ID) values (38, 'Harbin Normal University', 41);
insert into SCHOOL (SCHOOL_ID, SCHOOL_NAME, CITY_ID) values (39, 'Universitas Negeri Makassar', 47);
insert into SCHOOL (SCHOOL_ID, SCHOOL_NAME, CITY_ID) values (40, 'Institut Catholique d''Arts et Métiers Lille', 92);
insert into SCHOOL (SCHOOL_ID, SCHOOL_NAME, CITY_ID) values (41, 'Academia Tehnica Militara', 81);
insert into SCHOOL (SCHOOL_ID, SCHOOL_NAME, CITY_ID) values (42, 'Bashkir State Agrarian University', 8);
insert into SCHOOL (SCHOOL_ID, SCHOOL_NAME, CITY_ID) values (43, 'Olivet Nazarene University', 76);
insert into SCHOOL (SCHOOL_ID, SCHOOL_NAME, CITY_ID) values (44, 'Norwegian Teacher Academy for Studies in Religion and Education', 60);
insert into SCHOOL (SCHOOL_ID, SCHOOL_NAME, CITY_ID) values (45, 'Midland Lutheran College', 67);
insert into SCHOOL (SCHOOL_ID, SCHOOL_NAME, CITY_ID) values (46, 'Tietgen Business College', 8);
insert into SCHOOL (SCHOOL_ID, SCHOOL_NAME, CITY_ID) values (47, 'Pontificia Universidad Católica del Ecuador', 5);
insert into SCHOOL (SCHOOL_ID, SCHOOL_NAME, CITY_ID) values (48, 'Athens State College', 53);
insert into SCHOOL (SCHOOL_ID, SCHOOL_NAME, CITY_ID) values (49, 'Institut des hautes études économiques et commerciales', 5);
insert into SCHOOL (SCHOOL_ID, SCHOOL_NAME, CITY_ID) values (50, 'Inönü University', 47);
insert into SCHOOL (SCHOOL_ID, SCHOOL_NAME, CITY_ID) values (51, 'Sikkim Manipal University of Health, Medical and Technological Sciences', 65);
insert into SCHOOL (SCHOOL_ID, SCHOOL_NAME, CITY_ID) values (52, 'Chapman University', 46);
insert into SCHOOL (SCHOOL_ID, SCHOOL_NAME, CITY_ID) values (53, 'Fachhochschule Stuttgart, Hochschule der Medien', 22);
insert into SCHOOL (SCHOOL_ID, SCHOOL_NAME, CITY_ID) values (54, 'Barat College', 84);
insert into SCHOOL (SCHOOL_ID, SCHOOL_NAME, CITY_ID) values (55, 'University of California, Los Angeles', 96);
insert into SCHOOL (SCHOOL_ID, SCHOOL_NAME, CITY_ID) values (56, 'Reykjavík University', 99);
insert into SCHOOL (SCHOOL_ID, SCHOOL_NAME, CITY_ID) values (57, 'John Marshall Law School', 40);
insert into SCHOOL (SCHOOL_ID, SCHOOL_NAME, CITY_ID) values (58, 'University Campus Suffolk', 40);
insert into SCHOOL (SCHOOL_ID, SCHOOL_NAME, CITY_ID) values (59, 'Odessa National I.I. Mecnikov University', 76);
insert into SCHOOL (SCHOOL_ID, SCHOOL_NAME, CITY_ID) values (60, 'Universidad Nacional de Piura', 33);
insert into SCHOOL (SCHOOL_ID, SCHOOL_NAME, CITY_ID) values (61, 'Marietta College', 97);
insert into SCHOOL (SCHOOL_ID, SCHOOL_NAME, CITY_ID) values (62, 'Griffith College', 65);
insert into SCHOOL (SCHOOL_ID, SCHOOL_NAME, CITY_ID) values (63, 'Saudi Electronic University', 4);
insert into SCHOOL (SCHOOL_ID, SCHOOL_NAME, CITY_ID) values (64, 'Université Amar Telidji', 9);
insert into SCHOOL (SCHOOL_ID, SCHOOL_NAME, CITY_ID) values (65, 'Sultan Abdul Halim Muadzam Shah Polytechnic', 19);
insert into SCHOOL (SCHOOL_ID, SCHOOL_NAME, CITY_ID) values (66, 'Bryant University', 33);
insert into SCHOOL (SCHOOL_ID, SCHOOL_NAME, CITY_ID) values (67, 'Universitas Tanjungpura', 69);
insert into SCHOOL (SCHOOL_ID, SCHOOL_NAME, CITY_ID) values (68, 'Swiss Management Center', 25);
insert into SCHOOL (SCHOOL_ID, SCHOOL_NAME, CITY_ID) values (69, 'Universidad de Cartagena', 89);
insert into SCHOOL (SCHOOL_ID, SCHOOL_NAME, CITY_ID) values (70, 'Universidad de León', 54);
insert into SCHOOL (SCHOOL_ID, SCHOOL_NAME, CITY_ID) values (71, 'Taipei Physical Education College', 18);
insert into SCHOOL (SCHOOL_ID, SCHOOL_NAME, CITY_ID) values (72, 'California School of Professional Psychology - Los Angels', 27);
insert into SCHOOL (SCHOOL_ID, SCHOOL_NAME, CITY_ID) values (73, 'Kentucky State University', 1);
insert into SCHOOL (SCHOOL_ID, SCHOOL_NAME, CITY_ID) values (74, 'Fachhochschule Furtwangen, Hochschule für Technik und Wirtschaft', 76);
insert into SCHOOL (SCHOOL_ID, SCHOOL_NAME, CITY_ID) values (75, 'Università Bocconi', 42);
insert into SCHOOL (SCHOOL_ID, SCHOOL_NAME, CITY_ID) values (76, 'Tanta University', 59);
insert into SCHOOL (SCHOOL_ID, SCHOOL_NAME, CITY_ID) values (77, 'Universität Ulm', 24);
insert into SCHOOL (SCHOOL_ID, SCHOOL_NAME, CITY_ID) values (78, 'Institute of Management and Business Technology', 30);
insert into SCHOOL (SCHOOL_ID, SCHOOL_NAME, CITY_ID) values (79, 'Universiti Putra Malaysia', 1);
insert into SCHOOL (SCHOOL_ID, SCHOOL_NAME, CITY_ID) values (80, 'Universidad Politécnica de Cartagena', 96);
insert into SCHOOL (SCHOOL_ID, SCHOOL_NAME, CITY_ID) values (81, 'University of Strathclyde', 69);
insert into SCHOOL (SCHOOL_ID, SCHOOL_NAME, CITY_ID) values (82, 'Southern Connecticut State University', 90);
insert into SCHOOL (SCHOOL_ID, SCHOOL_NAME, CITY_ID) values (83, 'Pädagogische Hochschule Freiburg', 28);
insert into SCHOOL (SCHOOL_ID, SCHOOL_NAME, CITY_ID) values (84, 'Universidad Técnica Estatal de Quevedo', 4);
insert into SCHOOL (SCHOOL_ID, SCHOOL_NAME, CITY_ID) values (85, 'University of Kurdistan - Hawler', 26);
insert into SCHOOL (SCHOOL_ID, SCHOOL_NAME, CITY_ID) values (86, 'Viterbo State University', 9);
insert into SCHOOL (SCHOOL_ID, SCHOOL_NAME, CITY_ID) values (87, 'Ningbo University of Technology', 29);
insert into SCHOOL (SCHOOL_ID, SCHOOL_NAME, CITY_ID) values (88, 'Rasmussen College, Florida Campuses', 41);
insert into SCHOOL (SCHOOL_ID, SCHOOL_NAME, CITY_ID) values (89, 'Kuching Polytechnic', 5);
insert into SCHOOL (SCHOOL_ID, SCHOOL_NAME, CITY_ID) values (90, 'Hartford College for Women', 86);
insert into SCHOOL (SCHOOL_ID, SCHOOL_NAME, CITY_ID) values (91, 'Sarhad University of Science and Information Technology, Peshawar ', 73);
insert into SCHOOL (SCHOOL_ID, SCHOOL_NAME, CITY_ID) values (92, 'Universidad del Caribe', 95);
insert into SCHOOL (SCHOOL_ID, SCHOOL_NAME, CITY_ID) values (93, 'Cubidor University Switzerland', 15);
insert into SCHOOL (SCHOOL_ID, SCHOOL_NAME, CITY_ID) values (94, 'Merlimau Polytechnic', 76);
insert into SCHOOL (SCHOOL_ID, SCHOOL_NAME, CITY_ID) values (95, 'Université Blaise Pascal (Clermont-Ferrand II)', 66);
insert into SCHOOL (SCHOOL_ID, SCHOOL_NAME, CITY_ID) values (96, 'Jagran Lakecity University', 81);
insert into SCHOOL (SCHOOL_ID, SCHOOL_NAME, CITY_ID) values (97, 'University of Alberta', 89);
insert into SCHOOL (SCHOOL_ID, SCHOOL_NAME, CITY_ID) values (98, 'Universidad de Puerto Rico', 98);
insert into SCHOOL (SCHOOL_ID, SCHOOL_NAME, CITY_ID) values (99, 'Military academy of Lithuania', 14);
insert into SCHOOL (SCHOOL_ID, SCHOOL_NAME, CITY_ID) values (100, 'Magnitogorsk State University', 49);


-------------------------------------------------------------------------------
--							RESEARCH_GROUP									 --
-------------------------------------------------------------------------------
insert into RESEARCH_GROUP (RESEARCH_GROUP_ID, RESEARCH_GROUP_NAME, SCHOOL_ID) values (1, 'Connochaetus taurinus', 4);
insert into RESEARCH_GROUP (RESEARCH_GROUP_ID, RESEARCH_GROUP_NAME, SCHOOL_ID) values (2, 'Vulpes chama', 17);
insert into RESEARCH_GROUP (RESEARCH_GROUP_ID, RESEARCH_GROUP_NAME, SCHOOL_ID) values (3, 'Cebus nigrivittatus', 30);
insert into RESEARCH_GROUP (RESEARCH_GROUP_ID, RESEARCH_GROUP_NAME, SCHOOL_ID) values (4, 'Acanthaster planci', 25);
insert into RESEARCH_GROUP (RESEARCH_GROUP_ID, RESEARCH_GROUP_NAME, SCHOOL_ID) values (5, 'Estrilda erythronotos', 89);
insert into RESEARCH_GROUP (RESEARCH_GROUP_ID, RESEARCH_GROUP_NAME, SCHOOL_ID) values (6, 'Antilope cervicapra', 73);
insert into RESEARCH_GROUP (RESEARCH_GROUP_ID, RESEARCH_GROUP_NAME, SCHOOL_ID) values (7, 'Macropus agilis', 92);
insert into RESEARCH_GROUP (RESEARCH_GROUP_ID, RESEARCH_GROUP_NAME, SCHOOL_ID) values (8, 'Galago crassicaudataus', 64);
insert into RESEARCH_GROUP (RESEARCH_GROUP_ID, RESEARCH_GROUP_NAME, SCHOOL_ID) values (9, 'Anitibyx armatus', null);
insert into RESEARCH_GROUP (RESEARCH_GROUP_ID, RESEARCH_GROUP_NAME, SCHOOL_ID) values (10, 'Mustela nigripes', 3);
insert into RESEARCH_GROUP (RESEARCH_GROUP_ID, RESEARCH_GROUP_NAME, SCHOOL_ID) values (11, 'Anas bahamensis', 1);
insert into RESEARCH_GROUP (RESEARCH_GROUP_ID, RESEARCH_GROUP_NAME, SCHOOL_ID) values (12, 'Larus dominicanus', 61);
insert into RESEARCH_GROUP (RESEARCH_GROUP_ID, RESEARCH_GROUP_NAME, SCHOOL_ID) values (13, 'Stercorarius longicausus', 35);
insert into RESEARCH_GROUP (RESEARCH_GROUP_ID, RESEARCH_GROUP_NAME, SCHOOL_ID) values (14, 'Rangifer tarandus', 94);
insert into RESEARCH_GROUP (RESEARCH_GROUP_ID, RESEARCH_GROUP_NAME, SCHOOL_ID) values (15, 'Himantopus himantopus', null);
insert into RESEARCH_GROUP (RESEARCH_GROUP_ID, RESEARCH_GROUP_NAME, SCHOOL_ID) values (16, 'Macaca mulatta', 67);
insert into RESEARCH_GROUP (RESEARCH_GROUP_ID, RESEARCH_GROUP_NAME, SCHOOL_ID) values (17, 'Varanus sp.', 26);
insert into RESEARCH_GROUP (RESEARCH_GROUP_ID, RESEARCH_GROUP_NAME, SCHOOL_ID) values (18, 'Phasianus colchicus', 76);
insert into RESEARCH_GROUP (RESEARCH_GROUP_ID, RESEARCH_GROUP_NAME, SCHOOL_ID) values (19, 'Dasyurus viverrinus', 88);
insert into RESEARCH_GROUP (RESEARCH_GROUP_ID, RESEARCH_GROUP_NAME, SCHOOL_ID) values (20, 'unavailable', 16);
insert into RESEARCH_GROUP (RESEARCH_GROUP_ID, RESEARCH_GROUP_NAME, SCHOOL_ID) values (21, 'Isoodon obesulus', 64);
insert into RESEARCH_GROUP (RESEARCH_GROUP_ID, RESEARCH_GROUP_NAME, SCHOOL_ID) values (22, 'Paraxerus cepapi', 93);
insert into RESEARCH_GROUP (RESEARCH_GROUP_ID, RESEARCH_GROUP_NAME, SCHOOL_ID) values (23, 'Vulpes vulpes', 87);
insert into RESEARCH_GROUP (RESEARCH_GROUP_ID, RESEARCH_GROUP_NAME, SCHOOL_ID) values (24, 'Butorides striatus', 66);
insert into RESEARCH_GROUP (RESEARCH_GROUP_ID, RESEARCH_GROUP_NAME, SCHOOL_ID) values (25, 'Lasiodora parahybana', 17);
insert into RESEARCH_GROUP (RESEARCH_GROUP_ID, RESEARCH_GROUP_NAME, SCHOOL_ID) values (26, 'Dasyprocta leporina', 40);
insert into RESEARCH_GROUP (RESEARCH_GROUP_ID, RESEARCH_GROUP_NAME, SCHOOL_ID) values (27, 'Aonyx cinerea', 16);
insert into RESEARCH_GROUP (RESEARCH_GROUP_ID, RESEARCH_GROUP_NAME, SCHOOL_ID) values (28, 'Ictonyx striatus', 86);
insert into RESEARCH_GROUP (RESEARCH_GROUP_ID, RESEARCH_GROUP_NAME, SCHOOL_ID) values (29, 'Anhinga rufa', null);
insert into RESEARCH_GROUP (RESEARCH_GROUP_ID, RESEARCH_GROUP_NAME, SCHOOL_ID) values (30, 'Aonyx cinerea', 97);
insert into RESEARCH_GROUP (RESEARCH_GROUP_ID, RESEARCH_GROUP_NAME, SCHOOL_ID) values (31, 'Dicrostonyx groenlandicus', 87);
insert into RESEARCH_GROUP (RESEARCH_GROUP_ID, RESEARCH_GROUP_NAME, SCHOOL_ID) values (32, 'Francolinus coqui', 19);
insert into RESEARCH_GROUP (RESEARCH_GROUP_ID, RESEARCH_GROUP_NAME, SCHOOL_ID) values (33, 'Trichoglossus chlorolepidotus', 76);
insert into RESEARCH_GROUP (RESEARCH_GROUP_ID, RESEARCH_GROUP_NAME, SCHOOL_ID) values (34, 'Phoca vitulina', 17);
insert into RESEARCH_GROUP (RESEARCH_GROUP_ID, RESEARCH_GROUP_NAME, SCHOOL_ID) values (35, 'Diceros bicornis', 54);
insert into RESEARCH_GROUP (RESEARCH_GROUP_ID, RESEARCH_GROUP_NAME, SCHOOL_ID) values (36, 'Phascogale calura', 22);
insert into RESEARCH_GROUP (RESEARCH_GROUP_ID, RESEARCH_GROUP_NAME, SCHOOL_ID) values (37, 'Anastomus oscitans', 81);
insert into RESEARCH_GROUP (RESEARCH_GROUP_ID, RESEARCH_GROUP_NAME, SCHOOL_ID) values (38, 'Notechis semmiannulatus', 61);
insert into RESEARCH_GROUP (RESEARCH_GROUP_ID, RESEARCH_GROUP_NAME, SCHOOL_ID) values (39, 'Dasypus novemcinctus', 55);
insert into RESEARCH_GROUP (RESEARCH_GROUP_ID, RESEARCH_GROUP_NAME, SCHOOL_ID) values (40, 'Cordylus giganteus', 47);
insert into RESEARCH_GROUP (RESEARCH_GROUP_ID, RESEARCH_GROUP_NAME, SCHOOL_ID) values (41, 'Anastomus oscitans', 17);
insert into RESEARCH_GROUP (RESEARCH_GROUP_ID, RESEARCH_GROUP_NAME, SCHOOL_ID) values (42, 'Corallus hortulanus cooki', 32);
insert into RESEARCH_GROUP (RESEARCH_GROUP_ID, RESEARCH_GROUP_NAME, SCHOOL_ID) values (43, 'Hymenolaimus malacorhynchus', 83);
insert into RESEARCH_GROUP (RESEARCH_GROUP_ID, RESEARCH_GROUP_NAME, SCHOOL_ID) values (44, 'Lepus arcticus', 31);
insert into RESEARCH_GROUP (RESEARCH_GROUP_ID, RESEARCH_GROUP_NAME, SCHOOL_ID) values (45, 'Epicrates cenchria maurus', 59);
insert into RESEARCH_GROUP (RESEARCH_GROUP_ID, RESEARCH_GROUP_NAME, SCHOOL_ID) values (46, 'Acrantophis madagascariensis', 98);
insert into RESEARCH_GROUP (RESEARCH_GROUP_ID, RESEARCH_GROUP_NAME, SCHOOL_ID) values (47, 'Papio ursinus', 50);
insert into RESEARCH_GROUP (RESEARCH_GROUP_ID, RESEARCH_GROUP_NAME, SCHOOL_ID) values (48, 'Aegypius occipitalis', 66);
insert into RESEARCH_GROUP (RESEARCH_GROUP_ID, RESEARCH_GROUP_NAME, SCHOOL_ID) values (49, 'Eubalaena australis', 81);
insert into RESEARCH_GROUP (RESEARCH_GROUP_ID, RESEARCH_GROUP_NAME, SCHOOL_ID) values (50, 'Chordeiles minor', 45);
insert into RESEARCH_GROUP (RESEARCH_GROUP_ID, RESEARCH_GROUP_NAME, SCHOOL_ID) values (51, 'Phalacrocorax varius', 68);
insert into RESEARCH_GROUP (RESEARCH_GROUP_ID, RESEARCH_GROUP_NAME, SCHOOL_ID) values (52, 'Genetta genetta', null);
insert into RESEARCH_GROUP (RESEARCH_GROUP_ID, RESEARCH_GROUP_NAME, SCHOOL_ID) values (53, 'Thalasseus maximus', 20);
insert into RESEARCH_GROUP (RESEARCH_GROUP_ID, RESEARCH_GROUP_NAME, SCHOOL_ID) values (54, 'Papio cynocephalus', 8);
insert into RESEARCH_GROUP (RESEARCH_GROUP_ID, RESEARCH_GROUP_NAME, SCHOOL_ID) values (55, 'Macropus eugenii', 23);
insert into RESEARCH_GROUP (RESEARCH_GROUP_ID, RESEARCH_GROUP_NAME, SCHOOL_ID) values (56, 'Nyctereutes procyonoides', 30);
insert into RESEARCH_GROUP (RESEARCH_GROUP_ID, RESEARCH_GROUP_NAME, SCHOOL_ID) values (57, 'Ratufa indica', 22);
insert into RESEARCH_GROUP (RESEARCH_GROUP_ID, RESEARCH_GROUP_NAME, SCHOOL_ID) values (58, 'Hyaena brunnea', 90);
insert into RESEARCH_GROUP (RESEARCH_GROUP_ID, RESEARCH_GROUP_NAME, SCHOOL_ID) values (59, 'Dusicyon thous', 6);
insert into RESEARCH_GROUP (RESEARCH_GROUP_ID, RESEARCH_GROUP_NAME, SCHOOL_ID) values (60, 'Cervus duvauceli', 29);
insert into RESEARCH_GROUP (RESEARCH_GROUP_ID, RESEARCH_GROUP_NAME, SCHOOL_ID) values (61, 'Junonia genoveua', null);
insert into RESEARCH_GROUP (RESEARCH_GROUP_ID, RESEARCH_GROUP_NAME, SCHOOL_ID) values (62, 'Hydrochoerus hydrochaeris', 40);
insert into RESEARCH_GROUP (RESEARCH_GROUP_ID, RESEARCH_GROUP_NAME, SCHOOL_ID) values (63, 'Diceros bicornis', null);
insert into RESEARCH_GROUP (RESEARCH_GROUP_ID, RESEARCH_GROUP_NAME, SCHOOL_ID) values (64, 'Herpestes javanicus', 35);
insert into RESEARCH_GROUP (RESEARCH_GROUP_ID, RESEARCH_GROUP_NAME, SCHOOL_ID) values (65, 'Naja nivea', 65);
insert into RESEARCH_GROUP (RESEARCH_GROUP_ID, RESEARCH_GROUP_NAME, SCHOOL_ID) values (66, 'Physignathus cocincinus', 46);
insert into RESEARCH_GROUP (RESEARCH_GROUP_ID, RESEARCH_GROUP_NAME, SCHOOL_ID) values (67, 'Procyon lotor', 44);
insert into RESEARCH_GROUP (RESEARCH_GROUP_ID, RESEARCH_GROUP_NAME, SCHOOL_ID) values (68, 'Ploceus intermedius', 27);
insert into RESEARCH_GROUP (RESEARCH_GROUP_ID, RESEARCH_GROUP_NAME, SCHOOL_ID) values (69, 'Haematopus ater', 70);
insert into RESEARCH_GROUP (RESEARCH_GROUP_ID, RESEARCH_GROUP_NAME, SCHOOL_ID) values (70, 'Capra ibex', 72);
insert into RESEARCH_GROUP (RESEARCH_GROUP_ID, RESEARCH_GROUP_NAME, SCHOOL_ID) values (71, 'Neophron percnopterus', 15);
insert into RESEARCH_GROUP (RESEARCH_GROUP_ID, RESEARCH_GROUP_NAME, SCHOOL_ID) values (72, 'Cygnus atratus', 83);
insert into RESEARCH_GROUP (RESEARCH_GROUP_ID, RESEARCH_GROUP_NAME, SCHOOL_ID) values (73, 'Cordylus giganteus', 30);
insert into RESEARCH_GROUP (RESEARCH_GROUP_ID, RESEARCH_GROUP_NAME, SCHOOL_ID) values (74, 'Anthropoides paradisea', 55);
insert into RESEARCH_GROUP (RESEARCH_GROUP_ID, RESEARCH_GROUP_NAME, SCHOOL_ID) values (75, 'Speothos vanaticus', 21);
insert into RESEARCH_GROUP (RESEARCH_GROUP_ID, RESEARCH_GROUP_NAME, SCHOOL_ID) values (76, 'Centrocercus urophasianus', 62);
insert into RESEARCH_GROUP (RESEARCH_GROUP_ID, RESEARCH_GROUP_NAME, SCHOOL_ID) values (77, 'Alcelaphus buselaphus cokii', 75);
insert into RESEARCH_GROUP (RESEARCH_GROUP_ID, RESEARCH_GROUP_NAME, SCHOOL_ID) values (78, 'Pedetes capensis', 6);
insert into RESEARCH_GROUP (RESEARCH_GROUP_ID, RESEARCH_GROUP_NAME, SCHOOL_ID) values (79, 'unavailable', 46);
insert into RESEARCH_GROUP (RESEARCH_GROUP_ID, RESEARCH_GROUP_NAME, SCHOOL_ID) values (80, 'Laniaurius atrococcineus', 65);
insert into RESEARCH_GROUP (RESEARCH_GROUP_ID, RESEARCH_GROUP_NAME, SCHOOL_ID) values (81, 'Macaca mulatta', null);
insert into RESEARCH_GROUP (RESEARCH_GROUP_ID, RESEARCH_GROUP_NAME, SCHOOL_ID) values (82, 'Papio cynocephalus', 80);
insert into RESEARCH_GROUP (RESEARCH_GROUP_ID, RESEARCH_GROUP_NAME, SCHOOL_ID) values (83, 'Haliaeetus leucocephalus', 23);
insert into RESEARCH_GROUP (RESEARCH_GROUP_ID, RESEARCH_GROUP_NAME, SCHOOL_ID) values (84, 'Coluber constrictor', 69);
insert into RESEARCH_GROUP (RESEARCH_GROUP_ID, RESEARCH_GROUP_NAME, SCHOOL_ID) values (85, 'Tachyglossus aculeatus', 62);
insert into RESEARCH_GROUP (RESEARCH_GROUP_ID, RESEARCH_GROUP_NAME, SCHOOL_ID) values (86, 'Aegypius tracheliotus', 59);
insert into RESEARCH_GROUP (RESEARCH_GROUP_ID, RESEARCH_GROUP_NAME, SCHOOL_ID) values (87, 'Colobus guerza', 72);
insert into RESEARCH_GROUP (RESEARCH_GROUP_ID, RESEARCH_GROUP_NAME, SCHOOL_ID) values (88, 'Ictalurus furcatus', null);
insert into RESEARCH_GROUP (RESEARCH_GROUP_ID, RESEARCH_GROUP_NAME, SCHOOL_ID) values (89, 'Alligator mississippiensis', 81);
insert into RESEARCH_GROUP (RESEARCH_GROUP_ID, RESEARCH_GROUP_NAME, SCHOOL_ID) values (90, 'Bradypus tridactylus', 83);
insert into RESEARCH_GROUP (RESEARCH_GROUP_ID, RESEARCH_GROUP_NAME, SCHOOL_ID) values (91, 'Proteles cristatus', 84);
insert into RESEARCH_GROUP (RESEARCH_GROUP_ID, RESEARCH_GROUP_NAME, SCHOOL_ID) values (92, 'Ara macao', 49);
insert into RESEARCH_GROUP (RESEARCH_GROUP_ID, RESEARCH_GROUP_NAME, SCHOOL_ID) values (93, 'unavailable', 69);
insert into RESEARCH_GROUP (RESEARCH_GROUP_ID, RESEARCH_GROUP_NAME, SCHOOL_ID) values (94, 'Mazama gouazoubira', 9);
insert into RESEARCH_GROUP (RESEARCH_GROUP_ID, RESEARCH_GROUP_NAME, SCHOOL_ID) values (95, 'Phascogale calura', 44);
insert into RESEARCH_GROUP (RESEARCH_GROUP_ID, RESEARCH_GROUP_NAME, SCHOOL_ID) values (96, 'Ciconia ciconia', 13);
insert into RESEARCH_GROUP (RESEARCH_GROUP_ID, RESEARCH_GROUP_NAME, SCHOOL_ID) values (97, 'Cygnus atratus', 48);
insert into RESEARCH_GROUP (RESEARCH_GROUP_ID, RESEARCH_GROUP_NAME, SCHOOL_ID) values (98, 'Aonyx capensis', 92);
insert into RESEARCH_GROUP (RESEARCH_GROUP_ID, RESEARCH_GROUP_NAME, SCHOOL_ID) values (99, 'Butorides striatus', 83);
insert into RESEARCH_GROUP (RESEARCH_GROUP_ID, RESEARCH_GROUP_NAME, SCHOOL_ID) values (100, 'Sus scrofa', 91);


-------------------------------------------------------------------------------
--							  	RESEARCHER									 --
-------------------------------------------------------------------------------
insert into RESEARCHER (RESEARCHER_ID, FIRST_NAME, LAST_NAME, RESEARCH_GROUP_ID) values (1, 'Lowrance', 'Lewty', 47);
insert into RESEARCHER (RESEARCHER_ID, FIRST_NAME, LAST_NAME, RESEARCH_GROUP_ID) values (2, 'Ana', 'Kemer', 26);
insert into RESEARCHER (RESEARCHER_ID, FIRST_NAME, LAST_NAME, RESEARCH_GROUP_ID) values (3, 'Lillian', 'Strathman', 82);
insert into RESEARCHER (RESEARCHER_ID, FIRST_NAME, LAST_NAME, RESEARCH_GROUP_ID) values (4, 'Alford', 'Rosenbaum', 39);
insert into RESEARCHER (RESEARCHER_ID, FIRST_NAME, LAST_NAME, RESEARCH_GROUP_ID) values (5, 'Tansy', 'Conre', 10);
insert into RESEARCHER (RESEARCHER_ID, FIRST_NAME, LAST_NAME, RESEARCH_GROUP_ID) values (6, 'Wynne', 'Cicco', 51);
insert into RESEARCHER (RESEARCHER_ID, FIRST_NAME, LAST_NAME, RESEARCH_GROUP_ID) values (7, 'Huntley', 'Caunter', 55);
insert into RESEARCHER (RESEARCHER_ID, FIRST_NAME, LAST_NAME, RESEARCH_GROUP_ID) values (8, 'Sidonia', 'Humes', 81);
insert into RESEARCHER (RESEARCHER_ID, FIRST_NAME, LAST_NAME, RESEARCH_GROUP_ID) values (9, 'Minnie', 'Phillott', 76);
insert into RESEARCHER (RESEARCHER_ID, FIRST_NAME, LAST_NAME, RESEARCH_GROUP_ID) values (10, 'Josy', 'Bourthoumieux', 54);
insert into RESEARCHER (RESEARCHER_ID, FIRST_NAME, LAST_NAME, RESEARCH_GROUP_ID) values (11, 'Valentine', 'Cometto', 19);
insert into RESEARCHER (RESEARCHER_ID, FIRST_NAME, LAST_NAME, RESEARCH_GROUP_ID) values (12, 'Michaela', 'Karolowski', 68);
insert into RESEARCHER (RESEARCHER_ID, FIRST_NAME, LAST_NAME, RESEARCH_GROUP_ID) values (13, 'Aubine', 'Ruecastle', 33);
insert into RESEARCHER (RESEARCHER_ID, FIRST_NAME, LAST_NAME, RESEARCH_GROUP_ID) values (14, 'Rancell', 'Flexman', 23);
insert into RESEARCHER (RESEARCHER_ID, FIRST_NAME, LAST_NAME, RESEARCH_GROUP_ID) values (15, 'Batsheva', 'Kettridge', null);
insert into RESEARCHER (RESEARCHER_ID, FIRST_NAME, LAST_NAME, RESEARCH_GROUP_ID) values (16, 'Ave', 'Pillifant', 82);
insert into RESEARCHER (RESEARCHER_ID, FIRST_NAME, LAST_NAME, RESEARCH_GROUP_ID) values (17, 'Wake', 'Wynch', 15);
insert into RESEARCHER (RESEARCHER_ID, FIRST_NAME, LAST_NAME, RESEARCH_GROUP_ID) values (18, 'Marrilee', 'Cosans', 9);
insert into RESEARCHER (RESEARCHER_ID, FIRST_NAME, LAST_NAME, RESEARCH_GROUP_ID) values (19, 'Xaviera', 'Maggill''Andreis', 90);
insert into RESEARCHER (RESEARCHER_ID, FIRST_NAME, LAST_NAME, RESEARCH_GROUP_ID) values (20, 'Sven', 'Wollaston', 63);
insert into RESEARCHER (RESEARCHER_ID, FIRST_NAME, LAST_NAME, RESEARCH_GROUP_ID) values (21, 'Wanids', 'Balderstone', 24);
insert into RESEARCHER (RESEARCHER_ID, FIRST_NAME, LAST_NAME, RESEARCH_GROUP_ID) values (22, 'Dwight', 'McCorry', 13);
insert into RESEARCHER (RESEARCHER_ID, FIRST_NAME, LAST_NAME, RESEARCH_GROUP_ID) values (23, 'Alicea', 'Plover', null);
insert into RESEARCHER (RESEARCHER_ID, FIRST_NAME, LAST_NAME, RESEARCH_GROUP_ID) values (24, 'Amos', 'Graysmark', 43);
insert into RESEARCHER (RESEARCHER_ID, FIRST_NAME, LAST_NAME, RESEARCH_GROUP_ID) values (25, 'Finley', 'Woodwind', 35);
insert into RESEARCHER (RESEARCHER_ID, FIRST_NAME, LAST_NAME, RESEARCH_GROUP_ID) values (26, 'Aldon', 'Faust', null);
insert into RESEARCHER (RESEARCHER_ID, FIRST_NAME, LAST_NAME, RESEARCH_GROUP_ID) values (27, 'Adey', 'Kettridge', 57);
insert into RESEARCHER (RESEARCHER_ID, FIRST_NAME, LAST_NAME, RESEARCH_GROUP_ID) values (28, 'Jessica', 'Dornin', 53);
insert into RESEARCHER (RESEARCHER_ID, FIRST_NAME, LAST_NAME, RESEARCH_GROUP_ID) values (29, 'Saunder', 'Konig', null);
insert into RESEARCHER (RESEARCHER_ID, FIRST_NAME, LAST_NAME, RESEARCH_GROUP_ID) values (30, 'Justina', 'Guyton', 85);
insert into RESEARCHER (RESEARCHER_ID, FIRST_NAME, LAST_NAME, RESEARCH_GROUP_ID) values (31, 'Ricard', 'Klaussen', 68);
insert into RESEARCHER (RESEARCHER_ID, FIRST_NAME, LAST_NAME, RESEARCH_GROUP_ID) values (32, 'Ellissa', 'Daniello', 85);
insert into RESEARCHER (RESEARCHER_ID, FIRST_NAME, LAST_NAME, RESEARCH_GROUP_ID) values (33, 'Averell', 'Kaesmans', 85);
insert into RESEARCHER (RESEARCHER_ID, FIRST_NAME, LAST_NAME, RESEARCH_GROUP_ID) values (34, 'Wendell', 'Hubery', 9);
insert into RESEARCHER (RESEARCHER_ID, FIRST_NAME, LAST_NAME, RESEARCH_GROUP_ID) values (35, 'Virgie', 'Gadman', 29);
insert into RESEARCHER (RESEARCHER_ID, FIRST_NAME, LAST_NAME, RESEARCH_GROUP_ID) values (36, 'Roxana', 'Matyushonok', 95);
insert into RESEARCHER (RESEARCHER_ID, FIRST_NAME, LAST_NAME, RESEARCH_GROUP_ID) values (37, 'Lewes', 'Hartil', 27);
insert into RESEARCHER (RESEARCHER_ID, FIRST_NAME, LAST_NAME, RESEARCH_GROUP_ID) values (38, 'Coleen', 'Gwilt', 92);
insert into RESEARCHER (RESEARCHER_ID, FIRST_NAME, LAST_NAME, RESEARCH_GROUP_ID) values (39, 'Chico', 'Aberhart', 87);
insert into RESEARCHER (RESEARCHER_ID, FIRST_NAME, LAST_NAME, RESEARCH_GROUP_ID) values (40, 'Julee', 'O''Doran', 60);
insert into RESEARCHER (RESEARCHER_ID, FIRST_NAME, LAST_NAME, RESEARCH_GROUP_ID) values (41, 'Duncan', 'Castagnone', 67);
insert into RESEARCHER (RESEARCHER_ID, FIRST_NAME, LAST_NAME, RESEARCH_GROUP_ID) values (42, 'Witty', 'Izon', null);
insert into RESEARCHER (RESEARCHER_ID, FIRST_NAME, LAST_NAME, RESEARCH_GROUP_ID) values (43, 'Sibylla', 'Blagdon', 73);
insert into RESEARCHER (RESEARCHER_ID, FIRST_NAME, LAST_NAME, RESEARCH_GROUP_ID) values (44, 'Marguerite', 'Farguhar', 99);
insert into RESEARCHER (RESEARCHER_ID, FIRST_NAME, LAST_NAME, RESEARCH_GROUP_ID) values (45, 'Sophie', 'Hamflett', 90);
insert into RESEARCHER (RESEARCHER_ID, FIRST_NAME, LAST_NAME, RESEARCH_GROUP_ID) values (46, 'John', 'Nickell', 39);
insert into RESEARCHER (RESEARCHER_ID, FIRST_NAME, LAST_NAME, RESEARCH_GROUP_ID) values (47, 'Farrah', 'Braker', 89);
insert into RESEARCHER (RESEARCHER_ID, FIRST_NAME, LAST_NAME, RESEARCH_GROUP_ID) values (48, 'Flemming', 'Josowitz', 81);
insert into RESEARCHER (RESEARCHER_ID, FIRST_NAME, LAST_NAME, RESEARCH_GROUP_ID) values (49, 'Gates', 'Cornbill', 49);
insert into RESEARCHER (RESEARCHER_ID, FIRST_NAME, LAST_NAME, RESEARCH_GROUP_ID) values (50, 'Justina', 'Iggo', null);
insert into RESEARCHER (RESEARCHER_ID, FIRST_NAME, LAST_NAME, RESEARCH_GROUP_ID) values (51, 'Dulciana', 'Inston', 81);
insert into RESEARCHER (RESEARCHER_ID, FIRST_NAME, LAST_NAME, RESEARCH_GROUP_ID) values (52, 'Hermon', 'Marvin', 36);
insert into RESEARCHER (RESEARCHER_ID, FIRST_NAME, LAST_NAME, RESEARCH_GROUP_ID) values (53, 'Merwin', 'Offa', 37);
insert into RESEARCHER (RESEARCHER_ID, FIRST_NAME, LAST_NAME, RESEARCH_GROUP_ID) values (54, 'Elinor', 'Steventon', 5);
insert into RESEARCHER (RESEARCHER_ID, FIRST_NAME, LAST_NAME, RESEARCH_GROUP_ID) values (55, 'Bogey', 'McConnulty', 92);
insert into RESEARCHER (RESEARCHER_ID, FIRST_NAME, LAST_NAME, RESEARCH_GROUP_ID) values (56, 'Mellicent', 'Domm', 70);
insert into RESEARCHER (RESEARCHER_ID, FIRST_NAME, LAST_NAME, RESEARCH_GROUP_ID) values (57, 'Sheba', 'Warry', 55);
insert into RESEARCHER (RESEARCHER_ID, FIRST_NAME, LAST_NAME, RESEARCH_GROUP_ID) values (58, 'Carlota', 'Surcombe', 29);
insert into RESEARCHER (RESEARCHER_ID, FIRST_NAME, LAST_NAME, RESEARCH_GROUP_ID) values (59, 'Dud', 'Bank', 13);
insert into RESEARCHER (RESEARCHER_ID, FIRST_NAME, LAST_NAME, RESEARCH_GROUP_ID) values (60, 'Phillis', 'Meake', 60);
insert into RESEARCHER (RESEARCHER_ID, FIRST_NAME, LAST_NAME, RESEARCH_GROUP_ID) values (61, 'Tasha', 'Endrizzi', 78);
insert into RESEARCHER (RESEARCHER_ID, FIRST_NAME, LAST_NAME, RESEARCH_GROUP_ID) values (62, 'Isak', 'Isgate', 61);
insert into RESEARCHER (RESEARCHER_ID, FIRST_NAME, LAST_NAME, RESEARCH_GROUP_ID) values (63, 'Siouxie', 'Youngs', 75);
insert into RESEARCHER (RESEARCHER_ID, FIRST_NAME, LAST_NAME, RESEARCH_GROUP_ID) values (64, 'Franciskus', 'Staziker', 12);
insert into RESEARCHER (RESEARCHER_ID, FIRST_NAME, LAST_NAME, RESEARCH_GROUP_ID) values (65, 'Arliene', 'Pooly', 19);
insert into RESEARCHER (RESEARCHER_ID, FIRST_NAME, LAST_NAME, RESEARCH_GROUP_ID) values (66, 'Ealasaid', 'Valentinuzzi', 46);
insert into RESEARCHER (RESEARCHER_ID, FIRST_NAME, LAST_NAME, RESEARCH_GROUP_ID) values (67, 'Olivie', 'Percy', 32);
insert into RESEARCHER (RESEARCHER_ID, FIRST_NAME, LAST_NAME, RESEARCH_GROUP_ID) values (68, 'Ezra', 'Portman', 74);
insert into RESEARCHER (RESEARCHER_ID, FIRST_NAME, LAST_NAME, RESEARCH_GROUP_ID) values (69, 'Essie', 'Gerhold', null);
insert into RESEARCHER (RESEARCHER_ID, FIRST_NAME, LAST_NAME, RESEARCH_GROUP_ID) values (70, 'Con', 'Spirritt', 20);
insert into RESEARCHER (RESEARCHER_ID, FIRST_NAME, LAST_NAME, RESEARCH_GROUP_ID) values (71, 'Zedekiah', 'Cawthorn', 69);
insert into RESEARCHER (RESEARCHER_ID, FIRST_NAME, LAST_NAME, RESEARCH_GROUP_ID) values (72, 'Elijah', 'Rishworth', 1);
insert into RESEARCHER (RESEARCHER_ID, FIRST_NAME, LAST_NAME, RESEARCH_GROUP_ID) values (73, 'Phyllys', 'Aery', 85);
insert into RESEARCHER (RESEARCHER_ID, FIRST_NAME, LAST_NAME, RESEARCH_GROUP_ID) values (74, 'Rosalia', 'Vigours', 31);
insert into RESEARCHER (RESEARCHER_ID, FIRST_NAME, LAST_NAME, RESEARCH_GROUP_ID) values (75, 'Hestia', 'Derrell', 57);
insert into RESEARCHER (RESEARCHER_ID, FIRST_NAME, LAST_NAME, RESEARCH_GROUP_ID) values (76, 'Lilas', 'Askam', 6);
insert into RESEARCHER (RESEARCHER_ID, FIRST_NAME, LAST_NAME, RESEARCH_GROUP_ID) values (77, 'Dehlia', 'Kilfether', 83);
insert into RESEARCHER (RESEARCHER_ID, FIRST_NAME, LAST_NAME, RESEARCH_GROUP_ID) values (78, 'Padgett', 'Barthel', 6);
insert into RESEARCHER (RESEARCHER_ID, FIRST_NAME, LAST_NAME, RESEARCH_GROUP_ID) values (79, 'Deidre', 'Ledford', 99);
insert into RESEARCHER (RESEARCHER_ID, FIRST_NAME, LAST_NAME, RESEARCH_GROUP_ID) values (80, 'Louisette', 'O''Hollegan', null);
insert into RESEARCHER (RESEARCHER_ID, FIRST_NAME, LAST_NAME, RESEARCH_GROUP_ID) values (81, 'Alyse', 'Kivelhan', 47);
insert into RESEARCHER (RESEARCHER_ID, FIRST_NAME, LAST_NAME, RESEARCH_GROUP_ID) values (82, 'Oralia', 'Galego', 18);
insert into RESEARCHER (RESEARCHER_ID, FIRST_NAME, LAST_NAME, RESEARCH_GROUP_ID) values (83, 'Myra', 'Pinson', 90);
insert into RESEARCHER (RESEARCHER_ID, FIRST_NAME, LAST_NAME, RESEARCH_GROUP_ID) values (84, 'Poppy', 'Grolle', null);
insert into RESEARCHER (RESEARCHER_ID, FIRST_NAME, LAST_NAME, RESEARCH_GROUP_ID) values (85, 'Charmane', 'Wherry', 25);
insert into RESEARCHER (RESEARCHER_ID, FIRST_NAME, LAST_NAME, RESEARCH_GROUP_ID) values (86, 'Dorri', 'Gotfrey', 18);
insert into RESEARCHER (RESEARCHER_ID, FIRST_NAME, LAST_NAME, RESEARCH_GROUP_ID) values (87, 'Francesca', 'Leicester', 32);
insert into RESEARCHER (RESEARCHER_ID, FIRST_NAME, LAST_NAME, RESEARCH_GROUP_ID) values (88, 'Colene', 'Carlsen', 22);
insert into RESEARCHER (RESEARCHER_ID, FIRST_NAME, LAST_NAME, RESEARCH_GROUP_ID) values (89, 'Kara', 'Weedenburg', 83);
insert into RESEARCHER (RESEARCHER_ID, FIRST_NAME, LAST_NAME, RESEARCH_GROUP_ID) values (90, 'Averil', 'Chadburn', 21);
insert into RESEARCHER (RESEARCHER_ID, FIRST_NAME, LAST_NAME, RESEARCH_GROUP_ID) values (91, 'Debee', 'Rozenzweig', 72);
insert into RESEARCHER (RESEARCHER_ID, FIRST_NAME, LAST_NAME, RESEARCH_GROUP_ID) values (92, 'Moishe', 'McTurley', 77);
insert into RESEARCHER (RESEARCHER_ID, FIRST_NAME, LAST_NAME, RESEARCH_GROUP_ID) values (93, 'Pedro', 'Lagneaux', 84);
insert into RESEARCHER (RESEARCHER_ID, FIRST_NAME, LAST_NAME, RESEARCH_GROUP_ID) values (94, 'Sean', 'Radcliffe', 27);
insert into RESEARCHER (RESEARCHER_ID, FIRST_NAME, LAST_NAME, RESEARCH_GROUP_ID) values (95, 'Fernanda', 'Overstall', 98);
insert into RESEARCHER (RESEARCHER_ID, FIRST_NAME, LAST_NAME, RESEARCH_GROUP_ID) values (96, 'Alvan', 'MacIlhagga', 34);
insert into RESEARCHER (RESEARCHER_ID, FIRST_NAME, LAST_NAME, RESEARCH_GROUP_ID) values (97, 'Westbrooke', 'Robelow', 96);
insert into RESEARCHER (RESEARCHER_ID, FIRST_NAME, LAST_NAME, RESEARCH_GROUP_ID) values (98, 'Lindsay', 'Ayce', 84);
insert into RESEARCHER (RESEARCHER_ID, FIRST_NAME, LAST_NAME, RESEARCH_GROUP_ID) values (99, 'Lucy', 'Connechie', 46);
insert into RESEARCHER (RESEARCHER_ID, FIRST_NAME, LAST_NAME, RESEARCH_GROUP_ID) values (100, 'Robin', 'Deguara', 73);


-------------------------------------------------------------------------------
--							  	AUTHORSHIP									 --
-------------------------------------------------------------------------------
insert into AUTHORSHIP (RESEARCHER_ID, ACADEMIC_PAPER_ID) values (54, 2);
insert into AUTHORSHIP (RESEARCHER_ID, ACADEMIC_PAPER_ID) values (19, 92);
insert into AUTHORSHIP (RESEARCHER_ID, ACADEMIC_PAPER_ID) values (49, 3);
insert into AUTHORSHIP (RESEARCHER_ID, ACADEMIC_PAPER_ID) values (21, 94);
insert into AUTHORSHIP (RESEARCHER_ID, ACADEMIC_PAPER_ID) values (33, 50);
insert into AUTHORSHIP (RESEARCHER_ID, ACADEMIC_PAPER_ID) values (83, 56);
insert into AUTHORSHIP (RESEARCHER_ID, ACADEMIC_PAPER_ID) values (80, 60);
insert into AUTHORSHIP (RESEARCHER_ID, ACADEMIC_PAPER_ID) values (50, 74);
insert into AUTHORSHIP (RESEARCHER_ID, ACADEMIC_PAPER_ID) values (97, 40);
insert into AUTHORSHIP (RESEARCHER_ID, ACADEMIC_PAPER_ID) values (78, 89);
insert into AUTHORSHIP (RESEARCHER_ID, ACADEMIC_PAPER_ID) values (1, 65);
insert into AUTHORSHIP (RESEARCHER_ID, ACADEMIC_PAPER_ID) values (14, 80);
insert into AUTHORSHIP (RESEARCHER_ID, ACADEMIC_PAPER_ID) values (49, 52);
insert into AUTHORSHIP (RESEARCHER_ID, ACADEMIC_PAPER_ID) values (55, 34);
insert into AUTHORSHIP (RESEARCHER_ID, ACADEMIC_PAPER_ID) values (65, 9);
insert into AUTHORSHIP (RESEARCHER_ID, ACADEMIC_PAPER_ID) values (70, 66);
insert into AUTHORSHIP (RESEARCHER_ID, ACADEMIC_PAPER_ID) values (90, 66);
insert into AUTHORSHIP (RESEARCHER_ID, ACADEMIC_PAPER_ID) values (94, 44);
insert into AUTHORSHIP (RESEARCHER_ID, ACADEMIC_PAPER_ID) values (30, 26);
insert into AUTHORSHIP (RESEARCHER_ID, ACADEMIC_PAPER_ID) values (64, 31);
insert into AUTHORSHIP (RESEARCHER_ID, ACADEMIC_PAPER_ID) values (75, 64);
insert into AUTHORSHIP (RESEARCHER_ID, ACADEMIC_PAPER_ID) values (28, 81);
insert into AUTHORSHIP (RESEARCHER_ID, ACADEMIC_PAPER_ID) values (84, 20);
insert into AUTHORSHIP (RESEARCHER_ID, ACADEMIC_PAPER_ID) values (56, 16);
insert into AUTHORSHIP (RESEARCHER_ID, ACADEMIC_PAPER_ID) values (3, 3);
insert into AUTHORSHIP (RESEARCHER_ID, ACADEMIC_PAPER_ID) values (57, 43);
insert into AUTHORSHIP (RESEARCHER_ID, ACADEMIC_PAPER_ID) values (90, 39);
insert into AUTHORSHIP (RESEARCHER_ID, ACADEMIC_PAPER_ID) values (32, 16);
insert into AUTHORSHIP (RESEARCHER_ID, ACADEMIC_PAPER_ID) values (5, 52);
insert into AUTHORSHIP (RESEARCHER_ID, ACADEMIC_PAPER_ID) values (12, 49);
insert into AUTHORSHIP (RESEARCHER_ID, ACADEMIC_PAPER_ID) values (17, 33);
insert into AUTHORSHIP (RESEARCHER_ID, ACADEMIC_PAPER_ID) values (54, 63);
insert into AUTHORSHIP (RESEARCHER_ID, ACADEMIC_PAPER_ID) values (97, 69);
insert into AUTHORSHIP (RESEARCHER_ID, ACADEMIC_PAPER_ID) values (83, 84);
insert into AUTHORSHIP (RESEARCHER_ID, ACADEMIC_PAPER_ID) values (20, 82);
insert into AUTHORSHIP (RESEARCHER_ID, ACADEMIC_PAPER_ID) values (41, 60);
insert into AUTHORSHIP (RESEARCHER_ID, ACADEMIC_PAPER_ID) values (31, 94);
insert into AUTHORSHIP (RESEARCHER_ID, ACADEMIC_PAPER_ID) values (60, 76);
insert into AUTHORSHIP (RESEARCHER_ID, ACADEMIC_PAPER_ID) values (2, 24);
insert into AUTHORSHIP (RESEARCHER_ID, ACADEMIC_PAPER_ID) values (5, 38);
insert into AUTHORSHIP (RESEARCHER_ID, ACADEMIC_PAPER_ID) values (89, 35);
insert into AUTHORSHIP (RESEARCHER_ID, ACADEMIC_PAPER_ID) values (62, 29);
insert into AUTHORSHIP (RESEARCHER_ID, ACADEMIC_PAPER_ID) values (10, 20);
insert into AUTHORSHIP (RESEARCHER_ID, ACADEMIC_PAPER_ID) values (47, 100);
insert into AUTHORSHIP (RESEARCHER_ID, ACADEMIC_PAPER_ID) values (1, 49);
insert into AUTHORSHIP (RESEARCHER_ID, ACADEMIC_PAPER_ID) values (99, 18);
insert into AUTHORSHIP (RESEARCHER_ID, ACADEMIC_PAPER_ID) values (57, 56);
insert into AUTHORSHIP (RESEARCHER_ID, ACADEMIC_PAPER_ID) values (98, 24);
insert into AUTHORSHIP (RESEARCHER_ID, ACADEMIC_PAPER_ID) values (82, 90);
insert into AUTHORSHIP (RESEARCHER_ID, ACADEMIC_PAPER_ID) values (69, 8);
insert into AUTHORSHIP (RESEARCHER_ID, ACADEMIC_PAPER_ID) values (10, 39);
insert into AUTHORSHIP (RESEARCHER_ID, ACADEMIC_PAPER_ID) values (26, 95);
insert into AUTHORSHIP (RESEARCHER_ID, ACADEMIC_PAPER_ID) values (7, 62);
insert into AUTHORSHIP (RESEARCHER_ID, ACADEMIC_PAPER_ID) values (90, 5);
insert into AUTHORSHIP (RESEARCHER_ID, ACADEMIC_PAPER_ID) values (48, 51);
insert into AUTHORSHIP (RESEARCHER_ID, ACADEMIC_PAPER_ID) values (12, 24);
insert into AUTHORSHIP (RESEARCHER_ID, ACADEMIC_PAPER_ID) values (46, 98);
insert into AUTHORSHIP (RESEARCHER_ID, ACADEMIC_PAPER_ID) values (3, 72);
insert into AUTHORSHIP (RESEARCHER_ID, ACADEMIC_PAPER_ID) values (19, 56);
insert into AUTHORSHIP (RESEARCHER_ID, ACADEMIC_PAPER_ID) values (85, 92);
insert into AUTHORSHIP (RESEARCHER_ID, ACADEMIC_PAPER_ID) values (96, 96);
insert into AUTHORSHIP (RESEARCHER_ID, ACADEMIC_PAPER_ID) values (65, 100);
insert into AUTHORSHIP (RESEARCHER_ID, ACADEMIC_PAPER_ID) values (24, 54);
insert into AUTHORSHIP (RESEARCHER_ID, ACADEMIC_PAPER_ID) values (71, 18);
insert into AUTHORSHIP (RESEARCHER_ID, ACADEMIC_PAPER_ID) values (3, 8);
insert into AUTHORSHIP (RESEARCHER_ID, ACADEMIC_PAPER_ID) values (60, 21);
insert into AUTHORSHIP (RESEARCHER_ID, ACADEMIC_PAPER_ID) values (52, 81);
insert into AUTHORSHIP (RESEARCHER_ID, ACADEMIC_PAPER_ID) values (40, 54);
insert into AUTHORSHIP (RESEARCHER_ID, ACADEMIC_PAPER_ID) values (62, 14);
insert into AUTHORSHIP (RESEARCHER_ID, ACADEMIC_PAPER_ID) values (55, 52);
insert into AUTHORSHIP (RESEARCHER_ID, ACADEMIC_PAPER_ID) values (73, 44);
insert into AUTHORSHIP (RESEARCHER_ID, ACADEMIC_PAPER_ID) values (67, 79);
insert into AUTHORSHIP (RESEARCHER_ID, ACADEMIC_PAPER_ID) values (28, 1);
insert into AUTHORSHIP (RESEARCHER_ID, ACADEMIC_PAPER_ID) values (10, 47);
insert into AUTHORSHIP (RESEARCHER_ID, ACADEMIC_PAPER_ID) values (22, 81);
insert into AUTHORSHIP (RESEARCHER_ID, ACADEMIC_PAPER_ID) values (35, 68);
insert into AUTHORSHIP (RESEARCHER_ID, ACADEMIC_PAPER_ID) values (68, 1);
insert into AUTHORSHIP (RESEARCHER_ID, ACADEMIC_PAPER_ID) values (47, 45);
insert into AUTHORSHIP (RESEARCHER_ID, ACADEMIC_PAPER_ID) values (55, 31);
insert into AUTHORSHIP (RESEARCHER_ID, ACADEMIC_PAPER_ID) values (43, 6);
insert into AUTHORSHIP (RESEARCHER_ID, ACADEMIC_PAPER_ID) values (61, 46);
insert into AUTHORSHIP (RESEARCHER_ID, ACADEMIC_PAPER_ID) values (39, 32);
insert into AUTHORSHIP (RESEARCHER_ID, ACADEMIC_PAPER_ID) values (50, 40);
insert into AUTHORSHIP (RESEARCHER_ID, ACADEMIC_PAPER_ID) values (39, 95);
insert into AUTHORSHIP (RESEARCHER_ID, ACADEMIC_PAPER_ID) values (98, 85);
insert into AUTHORSHIP (RESEARCHER_ID, ACADEMIC_PAPER_ID) values (69, 61);
insert into AUTHORSHIP (RESEARCHER_ID, ACADEMIC_PAPER_ID) values (96, 59);
insert into AUTHORSHIP (RESEARCHER_ID, ACADEMIC_PAPER_ID) values (95, 97);
insert into AUTHORSHIP (RESEARCHER_ID, ACADEMIC_PAPER_ID) values (80, 76);
insert into AUTHORSHIP (RESEARCHER_ID, ACADEMIC_PAPER_ID) values (26, 89);
insert into AUTHORSHIP (RESEARCHER_ID, ACADEMIC_PAPER_ID) values (95, 96);
insert into AUTHORSHIP (RESEARCHER_ID, ACADEMIC_PAPER_ID) values (37, 55);
insert into AUTHORSHIP (RESEARCHER_ID, ACADEMIC_PAPER_ID) values (73, 45);
insert into AUTHORSHIP (RESEARCHER_ID, ACADEMIC_PAPER_ID) values (41, 77);
insert into AUTHORSHIP (RESEARCHER_ID, ACADEMIC_PAPER_ID) values (72, 29);
insert into AUTHORSHIP (RESEARCHER_ID, ACADEMIC_PAPER_ID) values (67, 37);
insert into AUTHORSHIP (RESEARCHER_ID, ACADEMIC_PAPER_ID) values (70, 90);
insert into AUTHORSHIP (RESEARCHER_ID, ACADEMIC_PAPER_ID) values (70, 19);
insert into AUTHORSHIP (RESEARCHER_ID, ACADEMIC_PAPER_ID) values (9, 65);
insert into AUTHORSHIP (RESEARCHER_ID, ACADEMIC_PAPER_ID) values (67, 69);
insert into AUTHORSHIP (RESEARCHER_ID, ACADEMIC_PAPER_ID) values (42, 11);


-------------------------------------------------------------------------------
--							 ACADEMIC_PAPER									 --
-------------------------------------------------------------------------------
insert into ACADEMIC_PAPER (ACADEMIC_PAPER_ID, ACADEMIC_PAPER_NAME, PUBLICATION_DATE, ABSTRACT) values (1, 'Bigtax', '11/10/2019', 'Proactive motivating attitude');
insert into ACADEMIC_PAPER (ACADEMIC_PAPER_ID, ACADEMIC_PAPER_NAME, PUBLICATION_DATE, ABSTRACT) values (2, 'Fix San', '22/06/2010', 'Stand-alone discrete firmware');
insert into ACADEMIC_PAPER (ACADEMIC_PAPER_ID, ACADEMIC_PAPER_NAME, PUBLICATION_DATE, ABSTRACT) values (3, 'Tres-Zap', '27/04/2004', 'Extended actuating array');
insert into ACADEMIC_PAPER (ACADEMIC_PAPER_ID, ACADEMIC_PAPER_NAME, PUBLICATION_DATE, ABSTRACT) values (4, 'Tres-Zap', '12/12/2013', 'Distributed impactful strategy');
insert into ACADEMIC_PAPER (ACADEMIC_PAPER_ID, ACADEMIC_PAPER_NAME, PUBLICATION_DATE, ABSTRACT) values (5, 'Trippledex', '07/12/2015', 'Function-based solution-oriented website');
insert into ACADEMIC_PAPER (ACADEMIC_PAPER_ID, ACADEMIC_PAPER_NAME, PUBLICATION_DATE, ABSTRACT) values (6, 'Stim', '13/12/2017', 'Innovative maximized Graphic Interface');
insert into ACADEMIC_PAPER (ACADEMIC_PAPER_ID, ACADEMIC_PAPER_NAME, PUBLICATION_DATE, ABSTRACT) values (7, 'Tampflex', '09/08/2001', 'Self-enabling scalable protocol');
insert into ACADEMIC_PAPER (ACADEMIC_PAPER_ID, ACADEMIC_PAPER_NAME, PUBLICATION_DATE, ABSTRACT) values (8, 'Temp', '04/06/2013', 'Grass-roots tangible leverage');
insert into ACADEMIC_PAPER (ACADEMIC_PAPER_ID, ACADEMIC_PAPER_NAME, PUBLICATION_DATE, ABSTRACT) values (9, 'Overhold', '24/11/2012', 'Multi-layered composite policy');
insert into ACADEMIC_PAPER (ACADEMIC_PAPER_ID, ACADEMIC_PAPER_NAME, PUBLICATION_DATE, ABSTRACT) values (10, 'Holdlamis', '21/09/2013', null);
insert into ACADEMIC_PAPER (ACADEMIC_PAPER_ID, ACADEMIC_PAPER_NAME, PUBLICATION_DATE, ABSTRACT) values (11, 'It', '13/03/2003', 'Upgradable foreground budgetary management');
insert into ACADEMIC_PAPER (ACADEMIC_PAPER_ID, ACADEMIC_PAPER_NAME, PUBLICATION_DATE, ABSTRACT) values (12, 'Stim', '03/09/2004', 'Persevering regional core');
insert into ACADEMIC_PAPER (ACADEMIC_PAPER_ID, ACADEMIC_PAPER_NAME, PUBLICATION_DATE, ABSTRACT) values (13, 'Kanlam', '14/06/2018', 'Fully-configurable scalable secured line');
insert into ACADEMIC_PAPER (ACADEMIC_PAPER_ID, ACADEMIC_PAPER_NAME, PUBLICATION_DATE, ABSTRACT) values (14, 'Y-find', '17/08/2012', 'Extended global array');
insert into ACADEMIC_PAPER (ACADEMIC_PAPER_ID, ACADEMIC_PAPER_NAME, PUBLICATION_DATE, ABSTRACT) values (15, 'Alpha', '31/12/2004', 'Secured next generation protocol');
insert into ACADEMIC_PAPER (ACADEMIC_PAPER_ID, ACADEMIC_PAPER_NAME, PUBLICATION_DATE, ABSTRACT) values (16, 'Gembucket', '15/08/2011', 'Innovative user-facing product');
insert into ACADEMIC_PAPER (ACADEMIC_PAPER_ID, ACADEMIC_PAPER_NAME, PUBLICATION_DATE, ABSTRACT) values (17, 'Otcom', '18/09/2013', 'Business-focused bifurcated instruction set');
insert into ACADEMIC_PAPER (ACADEMIC_PAPER_ID, ACADEMIC_PAPER_NAME, PUBLICATION_DATE, ABSTRACT) values (18, 'Zoolab', '03/01/2004', 'Stand-alone national database');
insert into ACADEMIC_PAPER (ACADEMIC_PAPER_ID, ACADEMIC_PAPER_NAME, PUBLICATION_DATE, ABSTRACT) values (19, 'Otcom', '14/06/2012', 'Diverse dedicated parallelism');
insert into ACADEMIC_PAPER (ACADEMIC_PAPER_ID, ACADEMIC_PAPER_NAME, PUBLICATION_DATE, ABSTRACT) values (20, 'Zamit', '22/09/2002', 'Synergistic maximized circuit');
insert into ACADEMIC_PAPER (ACADEMIC_PAPER_ID, ACADEMIC_PAPER_NAME, PUBLICATION_DATE, ABSTRACT) values (21, 'Voyatouch', '04/01/2004', 'Multi-lateral explicit encoding');
insert into ACADEMIC_PAPER (ACADEMIC_PAPER_ID, ACADEMIC_PAPER_NAME, PUBLICATION_DATE, ABSTRACT) values (22, 'Duobam', '18/04/2002', 'Decentralized solution-oriented neural-net');
insert into ACADEMIC_PAPER (ACADEMIC_PAPER_ID, ACADEMIC_PAPER_NAME, PUBLICATION_DATE, ABSTRACT) values (23, 'Tempsoft', '16/03/2005', 'Object-based zero administration hierarchy');
insert into ACADEMIC_PAPER (ACADEMIC_PAPER_ID, ACADEMIC_PAPER_NAME, PUBLICATION_DATE, ABSTRACT) values (24, 'Job', '25/11/2016', 'Persevering human-resource focus group');
insert into ACADEMIC_PAPER (ACADEMIC_PAPER_ID, ACADEMIC_PAPER_NAME, PUBLICATION_DATE, ABSTRACT) values (25, 'Gembucket', '15/12/2004', 'Enterprise-wide hybrid function');
insert into ACADEMIC_PAPER (ACADEMIC_PAPER_ID, ACADEMIC_PAPER_NAME, PUBLICATION_DATE, ABSTRACT) values (26, 'Bytecard', '04/03/2017', 'Configurable 24 hour encryption');
insert into ACADEMIC_PAPER (ACADEMIC_PAPER_ID, ACADEMIC_PAPER_NAME, PUBLICATION_DATE, ABSTRACT) values (27, 'Stronghold', '13/12/2007', 'Total incremental toolset');
insert into ACADEMIC_PAPER (ACADEMIC_PAPER_ID, ACADEMIC_PAPER_NAME, PUBLICATION_DATE, ABSTRACT) values (28, 'Fixflex', '08/02/2007', 'Face to face contextually-based function');
insert into ACADEMIC_PAPER (ACADEMIC_PAPER_ID, ACADEMIC_PAPER_NAME, PUBLICATION_DATE, ABSTRACT) values (29, 'Regrant', '06/06/2010', 'Centralized maximized forecast');
insert into ACADEMIC_PAPER (ACADEMIC_PAPER_ID, ACADEMIC_PAPER_NAME, PUBLICATION_DATE, ABSTRACT) values (30, 'Solarbreeze', '06/01/2019', 'Intuitive mobile leverage');
insert into ACADEMIC_PAPER (ACADEMIC_PAPER_ID, ACADEMIC_PAPER_NAME, PUBLICATION_DATE, ABSTRACT) values (31, 'Lotlux', '15/10/2011', 'Assimilated directional portal');
insert into ACADEMIC_PAPER (ACADEMIC_PAPER_ID, ACADEMIC_PAPER_NAME, PUBLICATION_DATE, ABSTRACT) values (32, 'Zathin', '03/08/2017', 'Innovative human-resource data-warehouse');
insert into ACADEMIC_PAPER (ACADEMIC_PAPER_ID, ACADEMIC_PAPER_NAME, PUBLICATION_DATE, ABSTRACT) values (33, 'Stronghold', '27/12/2012', 'Universal empowering interface');
insert into ACADEMIC_PAPER (ACADEMIC_PAPER_ID, ACADEMIC_PAPER_NAME, PUBLICATION_DATE, ABSTRACT) values (34, 'Cardify', '12/03/2000', 'User-centric holistic knowledge base');
insert into ACADEMIC_PAPER (ACADEMIC_PAPER_ID, ACADEMIC_PAPER_NAME, PUBLICATION_DATE, ABSTRACT) values (35, 'Tin', '07/12/2001', 'Down-sized mission-critical frame');
insert into ACADEMIC_PAPER (ACADEMIC_PAPER_ID, ACADEMIC_PAPER_NAME, PUBLICATION_DATE, ABSTRACT) values (36, 'Fixflex', '06/11/2013', 'Public-key disintermediate data-warehouse');
insert into ACADEMIC_PAPER (ACADEMIC_PAPER_ID, ACADEMIC_PAPER_NAME, PUBLICATION_DATE, ABSTRACT) values (37, 'Otcom', '27/10/2008', 'Ergonomic background database');
insert into ACADEMIC_PAPER (ACADEMIC_PAPER_ID, ACADEMIC_PAPER_NAME, PUBLICATION_DATE, ABSTRACT) values (38, 'Matsoft', '13/10/2005', null);
insert into ACADEMIC_PAPER (ACADEMIC_PAPER_ID, ACADEMIC_PAPER_NAME, PUBLICATION_DATE, ABSTRACT) values (39, 'Namfix', '29/08/2012', 'Implemented human-resource frame');
insert into ACADEMIC_PAPER (ACADEMIC_PAPER_ID, ACADEMIC_PAPER_NAME, PUBLICATION_DATE, ABSTRACT) values (40, 'Fixflex', '15/04/2011', 'Multi-channelled bottom-line interface');
insert into ACADEMIC_PAPER (ACADEMIC_PAPER_ID, ACADEMIC_PAPER_NAME, PUBLICATION_DATE, ABSTRACT) values (41, 'Viva', '15/12/2013', 'Networked contextually-based standardization');
insert into ACADEMIC_PAPER (ACADEMIC_PAPER_ID, ACADEMIC_PAPER_NAME, PUBLICATION_DATE, ABSTRACT) values (42, 'Fix San', '18/04/2001', 'Seamless radical contingency');
insert into ACADEMIC_PAPER (ACADEMIC_PAPER_ID, ACADEMIC_PAPER_NAME, PUBLICATION_DATE, ABSTRACT) values (43, 'Bitwolf', '19/10/2013', 'Right-sized zero administration emulation');
insert into ACADEMIC_PAPER (ACADEMIC_PAPER_ID, ACADEMIC_PAPER_NAME, PUBLICATION_DATE, ABSTRACT) values (44, 'Hatity', '18/05/2008', 'Function-based multimedia implementation');
insert into ACADEMIC_PAPER (ACADEMIC_PAPER_ID, ACADEMIC_PAPER_NAME, PUBLICATION_DATE, ABSTRACT) values (45, 'Duobam', '03/10/2014', 'Optimized modular archive');
insert into ACADEMIC_PAPER (ACADEMIC_PAPER_ID, ACADEMIC_PAPER_NAME, PUBLICATION_DATE, ABSTRACT) values (46, 'Treeflex', '26/06/2005', 'Profound human-resource application');
insert into ACADEMIC_PAPER (ACADEMIC_PAPER_ID, ACADEMIC_PAPER_NAME, PUBLICATION_DATE, ABSTRACT) values (47, 'Viva', '21/07/2018', 'Object-based scalable adapter');
insert into ACADEMIC_PAPER (ACADEMIC_PAPER_ID, ACADEMIC_PAPER_NAME, PUBLICATION_DATE, ABSTRACT) values (48, 'Transcof', '05/03/2018', 'Cross-platform dedicated functionalities');
insert into ACADEMIC_PAPER (ACADEMIC_PAPER_ID, ACADEMIC_PAPER_NAME, PUBLICATION_DATE, ABSTRACT) values (49, 'Voyatouch', '17/06/2001', 'Team-oriented multi-state pricing structure');
insert into ACADEMIC_PAPER (ACADEMIC_PAPER_ID, ACADEMIC_PAPER_NAME, PUBLICATION_DATE, ABSTRACT) values (50, 'Zontrax', '13/08/2002', 'Intuitive logistical strategy');
insert into ACADEMIC_PAPER (ACADEMIC_PAPER_ID, ACADEMIC_PAPER_NAME, PUBLICATION_DATE, ABSTRACT) values (51, 'Gembucket', '30/08/2011', 'Configurable uniform infrastructure');
insert into ACADEMIC_PAPER (ACADEMIC_PAPER_ID, ACADEMIC_PAPER_NAME, PUBLICATION_DATE, ABSTRACT) values (52, 'Aerified', '28/04/2016', 'Vision-oriented 4th generation implementation');
insert into ACADEMIC_PAPER (ACADEMIC_PAPER_ID, ACADEMIC_PAPER_NAME, PUBLICATION_DATE, ABSTRACT) values (53, 'Greenlam', '29/04/2015', 'Realigned mission-critical capability');
insert into ACADEMIC_PAPER (ACADEMIC_PAPER_ID, ACADEMIC_PAPER_NAME, PUBLICATION_DATE, ABSTRACT) values (54, 'Overhold', '14/08/2006', 'Monitored multimedia capacity');
insert into ACADEMIC_PAPER (ACADEMIC_PAPER_ID, ACADEMIC_PAPER_NAME, PUBLICATION_DATE, ABSTRACT) values (55, 'Sub-Ex', '20/08/2010', null);
insert into ACADEMIC_PAPER (ACADEMIC_PAPER_ID, ACADEMIC_PAPER_NAME, PUBLICATION_DATE, ABSTRACT) values (56, 'Fixflex', '17/12/2014', 'Secured global artificial intelligence');
insert into ACADEMIC_PAPER (ACADEMIC_PAPER_ID, ACADEMIC_PAPER_NAME, PUBLICATION_DATE, ABSTRACT) values (57, 'Treeflex', '05/03/2018', 'Compatible heuristic moratorium');
insert into ACADEMIC_PAPER (ACADEMIC_PAPER_ID, ACADEMIC_PAPER_NAME, PUBLICATION_DATE, ABSTRACT) values (58, 'Bytecard', '06/12/2015', 'Synchronised bottom-line definition');
insert into ACADEMIC_PAPER (ACADEMIC_PAPER_ID, ACADEMIC_PAPER_NAME, PUBLICATION_DATE, ABSTRACT) values (59, 'Zaam-Dox', '20/07/2006', 'Future-proofed radical installation');
insert into ACADEMIC_PAPER (ACADEMIC_PAPER_ID, ACADEMIC_PAPER_NAME, PUBLICATION_DATE, ABSTRACT) values (60, 'Zoolab', '31/05/2013', 'Implemented intangible encryption');
insert into ACADEMIC_PAPER (ACADEMIC_PAPER_ID, ACADEMIC_PAPER_NAME, PUBLICATION_DATE, ABSTRACT) values (61, 'Biodex', '07/09/2005', 'User-friendly local superstructure');
insert into ACADEMIC_PAPER (ACADEMIC_PAPER_ID, ACADEMIC_PAPER_NAME, PUBLICATION_DATE, ABSTRACT) values (62, 'Lotstring', '18/04/2015', 'Realigned impactful success');
insert into ACADEMIC_PAPER (ACADEMIC_PAPER_ID, ACADEMIC_PAPER_NAME, PUBLICATION_DATE, ABSTRACT) values (63, 'Voyatouch', '01/11/2009', null);
insert into ACADEMIC_PAPER (ACADEMIC_PAPER_ID, ACADEMIC_PAPER_NAME, PUBLICATION_DATE, ABSTRACT) values (64, 'Tresom', '04/04/2008', 'Down-sized even-keeled encoding');
insert into ACADEMIC_PAPER (ACADEMIC_PAPER_ID, ACADEMIC_PAPER_NAME, PUBLICATION_DATE, ABSTRACT) values (65, 'Stringtough', '12/10/2000', null);
insert into ACADEMIC_PAPER (ACADEMIC_PAPER_ID, ACADEMIC_PAPER_NAME, PUBLICATION_DATE, ABSTRACT) values (66, 'Subin', '06/03/2011', 'Intuitive modular strategy');
insert into ACADEMIC_PAPER (ACADEMIC_PAPER_ID, ACADEMIC_PAPER_NAME, PUBLICATION_DATE, ABSTRACT) values (67, 'Sonsing', '14/11/2017', 'Adaptive system-worthy info-mediaries');
insert into ACADEMIC_PAPER (ACADEMIC_PAPER_ID, ACADEMIC_PAPER_NAME, PUBLICATION_DATE, ABSTRACT) values (68, 'It', '28/08/2004', 'Synergistic multimedia projection');
insert into ACADEMIC_PAPER (ACADEMIC_PAPER_ID, ACADEMIC_PAPER_NAME, PUBLICATION_DATE, ABSTRACT) values (69, 'Zontrax', '01/07/2008', 'Up-sized web-enabled benchmark');
insert into ACADEMIC_PAPER (ACADEMIC_PAPER_ID, ACADEMIC_PAPER_NAME, PUBLICATION_DATE, ABSTRACT) values (70, 'Asoka', '14/06/2015', 'Synergized multi-state instruction set');
insert into ACADEMIC_PAPER (ACADEMIC_PAPER_ID, ACADEMIC_PAPER_NAME, PUBLICATION_DATE, ABSTRACT) values (71, 'Andalax', '26/10/2009', 'Fully-configurable next generation portal');
insert into ACADEMIC_PAPER (ACADEMIC_PAPER_ID, ACADEMIC_PAPER_NAME, PUBLICATION_DATE, ABSTRACT) values (72, 'Voltsillam', '30/09/2000', 'Networked heuristic benchmark');
insert into ACADEMIC_PAPER (ACADEMIC_PAPER_ID, ACADEMIC_PAPER_NAME, PUBLICATION_DATE, ABSTRACT) values (73, 'Quo Lux', '19/09/2000', 'Grass-roots bottom-line orchestration');
insert into ACADEMIC_PAPER (ACADEMIC_PAPER_ID, ACADEMIC_PAPER_NAME, PUBLICATION_DATE, ABSTRACT) values (74, 'Tres-Zap', '09/03/2012', 'Horizontal secondary access');
insert into ACADEMIC_PAPER (ACADEMIC_PAPER_ID, ACADEMIC_PAPER_NAME, PUBLICATION_DATE, ABSTRACT) values (75, 'Y-find', '17/04/2009', 'Synchronised disintermediate success');
insert into ACADEMIC_PAPER (ACADEMIC_PAPER_ID, ACADEMIC_PAPER_NAME, PUBLICATION_DATE, ABSTRACT) values (76, 'Regrant', '29/12/2004', 'Profit-focused high-level implementation');
insert into ACADEMIC_PAPER (ACADEMIC_PAPER_ID, ACADEMIC_PAPER_NAME, PUBLICATION_DATE, ABSTRACT) values (77, 'Tampflex', '25/12/2015', 'Managed transitional standardization');
insert into ACADEMIC_PAPER (ACADEMIC_PAPER_ID, ACADEMIC_PAPER_NAME, PUBLICATION_DATE, ABSTRACT) values (78, 'Regrant', '27/10/2014', 'Future-proofed intangible pricing structure');
insert into ACADEMIC_PAPER (ACADEMIC_PAPER_ID, ACADEMIC_PAPER_NAME, PUBLICATION_DATE, ABSTRACT) values (79, 'Konklux', '15/07/2009', 'Ameliorated attitude-oriented paradigm');
insert into ACADEMIC_PAPER (ACADEMIC_PAPER_ID, ACADEMIC_PAPER_NAME, PUBLICATION_DATE, ABSTRACT) values (80, 'Latlux', '29/10/2018', 'Seamless asymmetric analyzer');
insert into ACADEMIC_PAPER (ACADEMIC_PAPER_ID, ACADEMIC_PAPER_NAME, PUBLICATION_DATE, ABSTRACT) values (81, 'Latlux', '27/11/2006', 'Distributed executive flexibility');
insert into ACADEMIC_PAPER (ACADEMIC_PAPER_ID, ACADEMIC_PAPER_NAME, PUBLICATION_DATE, ABSTRACT) values (82, 'Tempsoft', '21/01/2015', 'Ergonomic coherent paradigm');
insert into ACADEMIC_PAPER (ACADEMIC_PAPER_ID, ACADEMIC_PAPER_NAME, PUBLICATION_DATE, ABSTRACT) values (83, 'Job', '05/09/2015', 'Decentralized eco-centric productivity');
insert into ACADEMIC_PAPER (ACADEMIC_PAPER_ID, ACADEMIC_PAPER_NAME, PUBLICATION_DATE, ABSTRACT) values (84, 'Sonair', '21/07/2013', 'Multi-tiered value-added pricing structure');
insert into ACADEMIC_PAPER (ACADEMIC_PAPER_ID, ACADEMIC_PAPER_NAME, PUBLICATION_DATE, ABSTRACT) values (85, 'Otcom', '20/12/2003', 'Expanded incremental toolset');
insert into ACADEMIC_PAPER (ACADEMIC_PAPER_ID, ACADEMIC_PAPER_NAME, PUBLICATION_DATE, ABSTRACT) values (86, 'Zoolab', '03/09/2007', 'Balanced content-based leverage');
insert into ACADEMIC_PAPER (ACADEMIC_PAPER_ID, ACADEMIC_PAPER_NAME, PUBLICATION_DATE, ABSTRACT) values (87, 'Regrant', '21/02/2002', null);
insert into ACADEMIC_PAPER (ACADEMIC_PAPER_ID, ACADEMIC_PAPER_NAME, PUBLICATION_DATE, ABSTRACT) values (88, 'It', '05/09/2013', 'Reduced content-based database');
insert into ACADEMIC_PAPER (ACADEMIC_PAPER_ID, ACADEMIC_PAPER_NAME, PUBLICATION_DATE, ABSTRACT) values (89, 'Tin', '31/03/2002', 'Intuitive demand-driven hardware');
insert into ACADEMIC_PAPER (ACADEMIC_PAPER_ID, ACADEMIC_PAPER_NAME, PUBLICATION_DATE, ABSTRACT) values (90, 'Tempsoft', '04/02/2020', 'Organic uniform portal');
insert into ACADEMIC_PAPER (ACADEMIC_PAPER_ID, ACADEMIC_PAPER_NAME, PUBLICATION_DATE, ABSTRACT) values (91, 'Toughjoyfax', '04/02/2003', 'Versatile 24 hour flexibility');
insert into ACADEMIC_PAPER (ACADEMIC_PAPER_ID, ACADEMIC_PAPER_NAME, PUBLICATION_DATE, ABSTRACT) values (92, 'Bigtax', '01/08/2004', 'Implemented regional help-desk');
insert into ACADEMIC_PAPER (ACADEMIC_PAPER_ID, ACADEMIC_PAPER_NAME, PUBLICATION_DATE, ABSTRACT) values (93, 'Opela', '19/10/2009', 'Re-contextualized attitude-oriented superstructure');
insert into ACADEMIC_PAPER (ACADEMIC_PAPER_ID, ACADEMIC_PAPER_NAME, PUBLICATION_DATE, ABSTRACT) values (94, 'Redhold', '10/10/2002', 'Triple-buffered bottom-line superstructure');
insert into ACADEMIC_PAPER (ACADEMIC_PAPER_ID, ACADEMIC_PAPER_NAME, PUBLICATION_DATE, ABSTRACT) values (95, 'Treeflex', '11/07/2003', 'Synchronised logistical interface');
insert into ACADEMIC_PAPER (ACADEMIC_PAPER_ID, ACADEMIC_PAPER_NAME, PUBLICATION_DATE, ABSTRACT) values (96, 'Kanlam', '11/02/2002', 'Object-based bifurcated forecast');
insert into ACADEMIC_PAPER (ACADEMIC_PAPER_ID, ACADEMIC_PAPER_NAME, PUBLICATION_DATE, ABSTRACT) values (97, 'Keylex', '06/09/2018', 'Re-engineered 6th generation synergy');
insert into ACADEMIC_PAPER (ACADEMIC_PAPER_ID, ACADEMIC_PAPER_NAME, PUBLICATION_DATE, ABSTRACT) values (98, 'Y-Solowarm', '04/09/2017', 'Seamless foreground help-desk');
insert into ACADEMIC_PAPER (ACADEMIC_PAPER_ID, ACADEMIC_PAPER_NAME, PUBLICATION_DATE, ABSTRACT) values (99, 'Span', '13/02/2016', 'Advanced modular internet solution');
insert into ACADEMIC_PAPER (ACADEMIC_PAPER_ID, ACADEMIC_PAPER_NAME, PUBLICATION_DATE, ABSTRACT) values (100, 'Sonair', '31/12/2003', 'Extended fresh-thinking paradigm');


-------------------------------------------------------------------------------
--							 	CITATION									 --
-------------------------------------------------------------------------------
insert into CITATION (CITING_PAPER_ID, CITED_PAPER_ID) values (35, 79);
insert into CITATION (CITING_PAPER_ID, CITED_PAPER_ID) values (74, 43);
insert into CITATION (CITING_PAPER_ID, CITED_PAPER_ID) values (60, 6);
insert into CITATION (CITING_PAPER_ID, CITED_PAPER_ID) values (85, 13);
insert into CITATION (CITING_PAPER_ID, CITED_PAPER_ID) values (21, 10);
insert into CITATION (CITING_PAPER_ID, CITED_PAPER_ID) values (36, 14);
insert into CITATION (CITING_PAPER_ID, CITED_PAPER_ID) values (44, 83);
insert into CITATION (CITING_PAPER_ID, CITED_PAPER_ID) values (65, 87);
insert into CITATION (CITING_PAPER_ID, CITED_PAPER_ID) values (9, 96);
insert into CITATION (CITING_PAPER_ID, CITED_PAPER_ID) values (85, 48);
insert into CITATION (CITING_PAPER_ID, CITED_PAPER_ID) values (66, 77);
insert into CITATION (CITING_PAPER_ID, CITED_PAPER_ID) values (42, 4);
insert into CITATION (CITING_PAPER_ID, CITED_PAPER_ID) values (53, 98);
insert into CITATION (CITING_PAPER_ID, CITED_PAPER_ID) values (100, 99);
insert into CITATION (CITING_PAPER_ID, CITED_PAPER_ID) values (57, 23);
insert into CITATION (CITING_PAPER_ID, CITED_PAPER_ID) values (78, 65);
insert into CITATION (CITING_PAPER_ID, CITED_PAPER_ID) values (40, 94);
insert into CITATION (CITING_PAPER_ID, CITED_PAPER_ID) values (77, 80);
insert into CITATION (CITING_PAPER_ID, CITED_PAPER_ID) values (88, 97);
insert into CITATION (CITING_PAPER_ID, CITED_PAPER_ID) values (79, 98);
insert into CITATION (CITING_PAPER_ID, CITED_PAPER_ID) values (53, 23);
insert into CITATION (CITING_PAPER_ID, CITED_PAPER_ID) values (97, 50);
insert into CITATION (CITING_PAPER_ID, CITED_PAPER_ID) values (74, 95);
insert into CITATION (CITING_PAPER_ID, CITED_PAPER_ID) values (84, 55);
insert into CITATION (CITING_PAPER_ID, CITED_PAPER_ID) values (52, 14);
insert into CITATION (CITING_PAPER_ID, CITED_PAPER_ID) values (71, 31);
insert into CITATION (CITING_PAPER_ID, CITED_PAPER_ID) values (29, 28);
insert into CITATION (CITING_PAPER_ID, CITED_PAPER_ID) values (60, 8);
insert into CITATION (CITING_PAPER_ID, CITED_PAPER_ID) values (34, 65);
insert into CITATION (CITING_PAPER_ID, CITED_PAPER_ID) values (49, 17);
insert into CITATION (CITING_PAPER_ID, CITED_PAPER_ID) values (51, 24);
insert into CITATION (CITING_PAPER_ID, CITED_PAPER_ID) values (60, 76);
insert into CITATION (CITING_PAPER_ID, CITED_PAPER_ID) values (15, 42);
insert into CITATION (CITING_PAPER_ID, CITED_PAPER_ID) values (11, 25);
insert into CITATION (CITING_PAPER_ID, CITED_PAPER_ID) values (73, 21);
insert into CITATION (CITING_PAPER_ID, CITED_PAPER_ID) values (64, 86);
insert into CITATION (CITING_PAPER_ID, CITED_PAPER_ID) values (71, 76);
insert into CITATION (CITING_PAPER_ID, CITED_PAPER_ID) values (2, 59);
insert into CITATION (CITING_PAPER_ID, CITED_PAPER_ID) values (73, 71);
insert into CITATION (CITING_PAPER_ID, CITED_PAPER_ID) values (63, 9);
insert into CITATION (CITING_PAPER_ID, CITED_PAPER_ID) values (99, 88);
insert into CITATION (CITING_PAPER_ID, CITED_PAPER_ID) values (46, 90);
insert into CITATION (CITING_PAPER_ID, CITED_PAPER_ID) values (93, 23);
insert into CITATION (CITING_PAPER_ID, CITED_PAPER_ID) values (87, 50);
insert into CITATION (CITING_PAPER_ID, CITED_PAPER_ID) values (80, 56);
insert into CITATION (CITING_PAPER_ID, CITED_PAPER_ID) values (9, 5);
insert into CITATION (CITING_PAPER_ID, CITED_PAPER_ID) values (85, 65);
insert into CITATION (CITING_PAPER_ID, CITED_PAPER_ID) values (76, 74);
insert into CITATION (CITING_PAPER_ID, CITED_PAPER_ID) values (46, 89);
insert into CITATION (CITING_PAPER_ID, CITED_PAPER_ID) values (1, 8);
insert into CITATION (CITING_PAPER_ID, CITED_PAPER_ID) values (40, 48);
insert into CITATION (CITING_PAPER_ID, CITED_PAPER_ID) values (50, 16);
insert into CITATION (CITING_PAPER_ID, CITED_PAPER_ID) values (68, 43);
insert into CITATION (CITING_PAPER_ID, CITED_PAPER_ID) values (94, 2);
insert into CITATION (CITING_PAPER_ID, CITED_PAPER_ID) values (1, 89);
insert into CITATION (CITING_PAPER_ID, CITED_PAPER_ID) values (93, 53);
insert into CITATION (CITING_PAPER_ID, CITED_PAPER_ID) values (53, 24);
insert into CITATION (CITING_PAPER_ID, CITED_PAPER_ID) values (75, 24);
insert into CITATION (CITING_PAPER_ID, CITED_PAPER_ID) values (60, 42);
insert into CITATION (CITING_PAPER_ID, CITED_PAPER_ID) values (76, 16);
insert into CITATION (CITING_PAPER_ID, CITED_PAPER_ID) values (60, 83);
insert into CITATION (CITING_PAPER_ID, CITED_PAPER_ID) values (60, 64);
insert into CITATION (CITING_PAPER_ID, CITED_PAPER_ID) values (66, 48);
insert into CITATION (CITING_PAPER_ID, CITED_PAPER_ID) values (64, 53);
insert into CITATION (CITING_PAPER_ID, CITED_PAPER_ID) values (87, 7);
insert into CITATION (CITING_PAPER_ID, CITED_PAPER_ID) values (82, 36);
insert into CITATION (CITING_PAPER_ID, CITED_PAPER_ID) values (30, 82);
insert into CITATION (CITING_PAPER_ID, CITED_PAPER_ID) values (74, 6);
insert into CITATION (CITING_PAPER_ID, CITED_PAPER_ID) values (28, 42);
insert into CITATION (CITING_PAPER_ID, CITED_PAPER_ID) values (13, 28);
insert into CITATION (CITING_PAPER_ID, CITED_PAPER_ID) values (83, 20);
insert into CITATION (CITING_PAPER_ID, CITED_PAPER_ID) values (77, 84);
insert into CITATION (CITING_PAPER_ID, CITED_PAPER_ID) values (50, 81);
insert into CITATION (CITING_PAPER_ID, CITED_PAPER_ID) values (16, 36);
insert into CITATION (CITING_PAPER_ID, CITED_PAPER_ID) values (64, 99);
insert into CITATION (CITING_PAPER_ID, CITED_PAPER_ID) values (80, 41);
insert into CITATION (CITING_PAPER_ID, CITED_PAPER_ID) values (9, 97);
insert into CITATION (CITING_PAPER_ID, CITED_PAPER_ID) values (33, 17);
insert into CITATION (CITING_PAPER_ID, CITED_PAPER_ID) values (90, 98);
insert into CITATION (CITING_PAPER_ID, CITED_PAPER_ID) values (94, 37);
insert into CITATION (CITING_PAPER_ID, CITED_PAPER_ID) values (43, 70);
insert into CITATION (CITING_PAPER_ID, CITED_PAPER_ID) values (64, 58);
insert into CITATION (CITING_PAPER_ID, CITED_PAPER_ID) values (9, 7);
insert into CITATION (CITING_PAPER_ID, CITED_PAPER_ID) values (99, 39);
insert into CITATION (CITING_PAPER_ID, CITED_PAPER_ID) values (69, 64);
insert into CITATION (CITING_PAPER_ID, CITED_PAPER_ID) values (11, 86);
insert into CITATION (CITING_PAPER_ID, CITED_PAPER_ID) values (37, 62);
insert into CITATION (CITING_PAPER_ID, CITED_PAPER_ID) values (61, 70);
insert into CITATION (CITING_PAPER_ID, CITED_PAPER_ID) values (64, 79);
insert into CITATION (CITING_PAPER_ID, CITED_PAPER_ID) values (8, 67);
insert into CITATION (CITING_PAPER_ID, CITED_PAPER_ID) values (72, 29);
insert into CITATION (CITING_PAPER_ID, CITED_PAPER_ID) values (10, 52);
insert into CITATION (CITING_PAPER_ID, CITED_PAPER_ID) values (86, 83);
insert into CITATION (CITING_PAPER_ID, CITED_PAPER_ID) values (6, 52);
insert into CITATION (CITING_PAPER_ID, CITED_PAPER_ID) values (35, 44);
insert into CITATION (CITING_PAPER_ID, CITED_PAPER_ID) values (75, 26);
insert into CITATION (CITING_PAPER_ID, CITED_PAPER_ID) values (29, 19);
insert into CITATION (CITING_PAPER_ID, CITED_PAPER_ID) values (81, 61);
insert into CITATION (CITING_PAPER_ID, CITED_PAPER_ID) values (57, 52);
insert into CITATION (CITING_PAPER_ID, CITED_PAPER_ID) values (94, 68);
insert into CITATION (CITING_PAPER_ID, CITED_PAPER_ID) values (17, 18);
insert into CITATION (CITING_PAPER_ID, CITED_PAPER_ID) values (51, 47);
insert into CITATION (CITING_PAPER_ID, CITED_PAPER_ID) values (27, 74);
insert into CITATION (CITING_PAPER_ID, CITED_PAPER_ID) values (98, 91);
insert into CITATION (CITING_PAPER_ID, CITED_PAPER_ID) values (17, 96);
insert into CITATION (CITING_PAPER_ID, CITED_PAPER_ID) values (27, 83);
insert into CITATION (CITING_PAPER_ID, CITED_PAPER_ID) values (70, 41);
insert into CITATION (CITING_PAPER_ID, CITED_PAPER_ID) values (4, 68);
insert into CITATION (CITING_PAPER_ID, CITED_PAPER_ID) values (10, 19);
insert into CITATION (CITING_PAPER_ID, CITED_PAPER_ID) values (6, 95);
insert into CITATION (CITING_PAPER_ID, CITED_PAPER_ID) values (92, 71);
insert into CITATION (CITING_PAPER_ID, CITED_PAPER_ID) values (15, 100);
insert into CITATION (CITING_PAPER_ID, CITED_PAPER_ID) values (69, 85);
insert into CITATION (CITING_PAPER_ID, CITED_PAPER_ID) values (66, 37);
insert into CITATION (CITING_PAPER_ID, CITED_PAPER_ID) values (53, 100);
insert into CITATION (CITING_PAPER_ID, CITED_PAPER_ID) values (38, 27);
insert into CITATION (CITING_PAPER_ID, CITED_PAPER_ID) values (19, 31);
insert into CITATION (CITING_PAPER_ID, CITED_PAPER_ID) values (49, 61);
insert into CITATION (CITING_PAPER_ID, CITED_PAPER_ID) values (53, 16);
insert into CITATION (CITING_PAPER_ID, CITED_PAPER_ID) values (68, 16);
insert into CITATION (CITING_PAPER_ID, CITED_PAPER_ID) values (40, 44);
insert into CITATION (CITING_PAPER_ID, CITED_PAPER_ID) values (95, 10);
insert into CITATION (CITING_PAPER_ID, CITED_PAPER_ID) values (64, 33);
insert into CITATION (CITING_PAPER_ID, CITED_PAPER_ID) values (87, 30);
insert into CITATION (CITING_PAPER_ID, CITED_PAPER_ID) values (48, 4);
insert into CITATION (CITING_PAPER_ID, CITED_PAPER_ID) values (50, 19);
insert into CITATION (CITING_PAPER_ID, CITED_PAPER_ID) values (59, 15);
insert into CITATION (CITING_PAPER_ID, CITED_PAPER_ID) values (92, 43);
insert into CITATION (CITING_PAPER_ID, CITED_PAPER_ID) values (40, 80);
insert into CITATION (CITING_PAPER_ID, CITED_PAPER_ID) values (95, 40);
insert into CITATION (CITING_PAPER_ID, CITED_PAPER_ID) values (88, 43);
insert into CITATION (CITING_PAPER_ID, CITED_PAPER_ID) values (6, 82);
insert into CITATION (CITING_PAPER_ID, CITED_PAPER_ID) values (70, 25);
insert into CITATION (CITING_PAPER_ID, CITED_PAPER_ID) values (98, 68);
insert into CITATION (CITING_PAPER_ID, CITED_PAPER_ID) values (34, 82);
insert into CITATION (CITING_PAPER_ID, CITED_PAPER_ID) values (7, 82);
insert into CITATION (CITING_PAPER_ID, CITED_PAPER_ID) values (23, 98);
insert into CITATION (CITING_PAPER_ID, CITED_PAPER_ID) values (40, 8);
insert into CITATION (CITING_PAPER_ID, CITED_PAPER_ID) values (28, 12);
insert into CITATION (CITING_PAPER_ID, CITED_PAPER_ID) values (8, 34);
insert into CITATION (CITING_PAPER_ID, CITED_PAPER_ID) values (58, 66);
insert into CITATION (CITING_PAPER_ID, CITED_PAPER_ID) values (51, 50);
insert into CITATION (CITING_PAPER_ID, CITED_PAPER_ID) values (9, 2);
insert into CITATION (CITING_PAPER_ID, CITED_PAPER_ID) values (95, 52);
insert into CITATION (CITING_PAPER_ID, CITED_PAPER_ID) values (8, 32);
insert into CITATION (CITING_PAPER_ID, CITED_PAPER_ID) values (82, 12);
insert into CITATION (CITING_PAPER_ID, CITED_PAPER_ID) values (18, 93);
insert into CITATION (CITING_PAPER_ID, CITED_PAPER_ID) values (67, 9);
insert into CITATION (CITING_PAPER_ID, CITED_PAPER_ID) values (58, 59);
insert into CITATION (CITING_PAPER_ID, CITED_PAPER_ID) values (29, 53);
insert into CITATION (CITING_PAPER_ID, CITED_PAPER_ID) values (67, 74);
insert into CITATION (CITING_PAPER_ID, CITED_PAPER_ID) values (16, 21);
insert into CITATION (CITING_PAPER_ID, CITED_PAPER_ID) values (83, 57);
insert into CITATION (CITING_PAPER_ID, CITED_PAPER_ID) values (70, 21);
insert into CITATION (CITING_PAPER_ID, CITED_PAPER_ID) values (46, 56);
insert into CITATION (CITING_PAPER_ID, CITED_PAPER_ID) values (73, 41);
insert into CITATION (CITING_PAPER_ID, CITED_PAPER_ID) values (93, 1);
insert into CITATION (CITING_PAPER_ID, CITED_PAPER_ID) values (38, 80);
insert into CITATION (CITING_PAPER_ID, CITED_PAPER_ID) values (31, 52);
insert into CITATION (CITING_PAPER_ID, CITED_PAPER_ID) values (92, 70);
insert into CITATION (CITING_PAPER_ID, CITED_PAPER_ID) values (90, 71);
insert into CITATION (CITING_PAPER_ID, CITED_PAPER_ID) values (87, 18);
insert into CITATION (CITING_PAPER_ID, CITED_PAPER_ID) values (2, 38);
insert into CITATION (CITING_PAPER_ID, CITED_PAPER_ID) values (89, 24);
insert into CITATION (CITING_PAPER_ID, CITED_PAPER_ID) values (71, 26);
insert into CITATION (CITING_PAPER_ID, CITED_PAPER_ID) values (95, 14);
insert into CITATION (CITING_PAPER_ID, CITED_PAPER_ID) values (92, 44);
insert into CITATION (CITING_PAPER_ID, CITED_PAPER_ID) values (55, 88);
insert into CITATION (CITING_PAPER_ID, CITED_PAPER_ID) values (26, 98);
insert into CITATION (CITING_PAPER_ID, CITED_PAPER_ID) values (95, 84);
insert into CITATION (CITING_PAPER_ID, CITED_PAPER_ID) values (52, 15);
insert into CITATION (CITING_PAPER_ID, CITED_PAPER_ID) values (29, 85);
insert into CITATION (CITING_PAPER_ID, CITED_PAPER_ID) values (82, 87);
insert into CITATION (CITING_PAPER_ID, CITED_PAPER_ID) values (14, 87);
insert into CITATION (CITING_PAPER_ID, CITED_PAPER_ID) values (99, 37);
insert into CITATION (CITING_PAPER_ID, CITED_PAPER_ID) values (35, 17);
insert into CITATION (CITING_PAPER_ID, CITED_PAPER_ID) values (23, 41);
insert into CITATION (CITING_PAPER_ID, CITED_PAPER_ID) values (8, 68);
insert into CITATION (CITING_PAPER_ID, CITED_PAPER_ID) values (22, 34);
insert into CITATION (CITING_PAPER_ID, CITED_PAPER_ID) values (5, 79);
insert into CITATION (CITING_PAPER_ID, CITED_PAPER_ID) values (44, 58);
insert into CITATION (CITING_PAPER_ID, CITED_PAPER_ID) values (46, 88);
insert into CITATION (CITING_PAPER_ID, CITED_PAPER_ID) values (57, 2);
insert into CITATION (CITING_PAPER_ID, CITED_PAPER_ID) values (83, 81);
insert into CITATION (CITING_PAPER_ID, CITED_PAPER_ID) values (70, 46);
insert into CITATION (CITING_PAPER_ID, CITED_PAPER_ID) values (79, 82);
insert into CITATION (CITING_PAPER_ID, CITED_PAPER_ID) values (32, 85);
insert into CITATION (CITING_PAPER_ID, CITED_PAPER_ID) values (18, 21);
insert into CITATION (CITING_PAPER_ID, CITED_PAPER_ID) values (55, 19);
insert into CITATION (CITING_PAPER_ID, CITED_PAPER_ID) values (38, 14);
insert into CITATION (CITING_PAPER_ID, CITED_PAPER_ID) values (56, 8);
insert into CITATION (CITING_PAPER_ID, CITED_PAPER_ID) values (50, 96);
insert into CITATION (CITING_PAPER_ID, CITED_PAPER_ID) values (30, 11);
insert into CITATION (CITING_PAPER_ID, CITED_PAPER_ID) values (76, 38);
insert into CITATION (CITING_PAPER_ID, CITED_PAPER_ID) values (1, 69);
insert into CITATION (CITING_PAPER_ID, CITED_PAPER_ID) values (35, 91);
insert into CITATION (CITING_PAPER_ID, CITED_PAPER_ID) values (70, 76);
insert into CITATION (CITING_PAPER_ID, CITED_PAPER_ID) values (13, 76);
insert into CITATION (CITING_PAPER_ID, CITED_PAPER_ID) values (50, 35);
insert into CITATION (CITING_PAPER_ID, CITED_PAPER_ID) values (97, 61);


-------------------------------------------------------------------------------
--							 		FIELD									 --
-------------------------------------------------------------------------------
insert into FIELD (FIELD_ID, FIELD_NAME) values (1, 'Oil amp; Gas Exploration');
insert into FIELD (FIELD_ID, FIELD_NAME) values (2, 'OLT');
insert into FIELD (FIELD_ID, FIELD_NAME) values (3, 'CVS');
insert into FIELD (FIELD_ID, FIELD_NAME) values (4, 'Estimates');
insert into FIELD (FIELD_ID, FIELD_NAME) values (5, 'Jet Fuel');
insert into FIELD (FIELD_ID, FIELD_NAME) values (6, 'Air Compressors');
insert into FIELD (FIELD_ID, FIELD_NAME) values (7, 'PGW');
insert into FIELD (FIELD_ID, FIELD_NAME) values (8, 'Pay TV');
insert into FIELD (FIELD_ID, FIELD_NAME) values (9, 'Scientific Writing');
insert into FIELD (FIELD_ID, FIELD_NAME) values (10, 'VRF');
insert into FIELD (FIELD_ID, FIELD_NAME) values (11, 'Rheumatoid Arthritis');
insert into FIELD (FIELD_ID, FIELD_NAME) values (12, 'Validation');
insert into FIELD (FIELD_ID, FIELD_NAME) values (13, 'FDT');
insert into FIELD (FIELD_ID, FIELD_NAME) values (14, 'Web Design');
insert into FIELD (FIELD_ID, FIELD_NAME) values (15, 'Kosher');
insert into FIELD (FIELD_ID, FIELD_NAME) values (16, 'PMC');
insert into FIELD (FIELD_ID, FIELD_NAME) values (17, 'Yamaha Digital Consoles');
insert into FIELD (FIELD_ID, FIELD_NAME) values (18, 'Quest vWorkspace');
insert into FIELD (FIELD_ID, FIELD_NAME) values (19, 'SnagIt');
insert into FIELD (FIELD_ID, FIELD_NAME) values (20, 'Aesthetic Surgery');
insert into FIELD (FIELD_ID, FIELD_NAME) values (21, 'UI Automation');
insert into FIELD (FIELD_ID, FIELD_NAME) values (22, 'CBOT');
insert into FIELD (FIELD_ID, FIELD_NAME) values (23, 'Flights');
insert into FIELD (FIELD_ID, FIELD_NAME) values (24, 'XML Schema');
insert into FIELD (FIELD_ID, FIELD_NAME) values (25, 'WinForms');
insert into FIELD (FIELD_ID, FIELD_NAME) values (26, 'Vehicle Dynamics');
insert into FIELD (FIELD_ID, FIELD_NAME) values (27, 'FMCSR');
insert into FIELD (FIELD_ID, FIELD_NAME) values (28, 'RPG');
insert into FIELD (FIELD_ID, FIELD_NAME) values (29, 'BTO');
insert into FIELD (FIELD_ID, FIELD_NAME) values (30, 'OMB Circular A-133');
insert into FIELD (FIELD_ID, FIELD_NAME) values (31, 'Fixed Assets');
insert into FIELD (FIELD_ID, FIELD_NAME) values (32, 'HSR');
insert into FIELD (FIELD_ID, FIELD_NAME) values (33, 'HSI');
insert into FIELD (FIELD_ID, FIELD_NAME) values (34, 'Agile Application Development');
insert into FIELD (FIELD_ID, FIELD_NAME) values (35, 'Subversion');
insert into FIELD (FIELD_ID, FIELD_NAME) values (36, 'DPR');
insert into FIELD (FIELD_ID, FIELD_NAME) values (37, 'JWICS');
insert into FIELD (FIELD_ID, FIELD_NAME) values (38, 'PDF Creator');
insert into FIELD (FIELD_ID, FIELD_NAME) values (39, 'TPF');
insert into FIELD (FIELD_ID, FIELD_NAME) values (40, 'Dunn Yamp; Bradstreet');
insert into FIELD (FIELD_ID, FIELD_NAME) values (41, 'GLP');
insert into FIELD (FIELD_ID, FIELD_NAME) values (42, 'Joint Ventures');
insert into FIELD (FIELD_ID, FIELD_NAME) values (43, 'Two-factor Authentication');
insert into FIELD (FIELD_ID, FIELD_NAME) values (44, 'MMSC');
insert into FIELD (FIELD_ID, FIELD_NAME) values (45, 'HTML5');
insert into FIELD (FIELD_ID, FIELD_NAME) values (46, 'Sustainable Agriculture');
insert into FIELD (FIELD_ID, FIELD_NAME) values (47, 'HR Consulting');
insert into FIELD (FIELD_ID, FIELD_NAME) values (48, 'Ehcache');
insert into FIELD (FIELD_ID, FIELD_NAME) values (49, 'Node.js');
insert into FIELD (FIELD_ID, FIELD_NAME) values (50, 'Feature Articles');
insert into FIELD (FIELD_ID, FIELD_NAME) values (51, 'Data Warehousing');
insert into FIELD (FIELD_ID, FIELD_NAME) values (52, 'ICT Consultancy');
insert into FIELD (FIELD_ID, FIELD_NAME) values (53, 'Apache');
insert into FIELD (FIELD_ID, FIELD_NAME) values (54, 'Influence Others');
insert into FIELD (FIELD_ID, FIELD_NAME) values (55, 'GLP');
insert into FIELD (FIELD_ID, FIELD_NAME) values (56, 'XNA');
insert into FIELD (FIELD_ID, FIELD_NAME) values (57, 'Occlusion');
insert into FIELD (FIELD_ID, FIELD_NAME) values (58, 'Alarm Systems');
insert into FIELD (FIELD_ID, FIELD_NAME) values (59, 'Work Very Well with Others');
insert into FIELD (FIELD_ID, FIELD_NAME) values (60, 'VLDB');
insert into FIELD (FIELD_ID, FIELD_NAME) values (61, 'ESRI');
insert into FIELD (FIELD_ID, FIELD_NAME) values (62, 'Tactics');
insert into FIELD (FIELD_ID, FIELD_NAME) values (63, 'Typesetting');
insert into FIELD (FIELD_ID, FIELD_NAME) values (64, 'FM');
insert into FIELD (FIELD_ID, FIELD_NAME) values (65, 'Hardware Diagnostics');
insert into FIELD (FIELD_ID, FIELD_NAME) values (66, 'Pro II');
insert into FIELD (FIELD_ID, FIELD_NAME) values (67, 'Embedded Systems');
insert into FIELD (FIELD_ID, FIELD_NAME) values (68, 'BGP');
insert into FIELD (FIELD_ID, FIELD_NAME) values (69, 'BTEQ');
insert into FIELD (FIELD_ID, FIELD_NAME) values (70, 'MyBatis');
insert into FIELD (FIELD_ID, FIELD_NAME) values (71, 'LaTeX');
insert into FIELD (FIELD_ID, FIELD_NAME) values (72, 'Phase II');
insert into FIELD (FIELD_ID, FIELD_NAME) values (73, 'MRV');
insert into FIELD (FIELD_ID, FIELD_NAME) values (74, 'Wind Turbines');
insert into FIELD (FIELD_ID, FIELD_NAME) values (75, 'UL');
insert into FIELD (FIELD_ID, FIELD_NAME) values (76, 'Systems Design');
insert into FIELD (FIELD_ID, FIELD_NAME) values (77, 'Transitional Justice');
insert into FIELD (FIELD_ID, FIELD_NAME) values (78, 'Ajax4JSF');
insert into FIELD (FIELD_ID, FIELD_NAME) values (79, 'CDMA 1X');
insert into FIELD (FIELD_ID, FIELD_NAME) values (80, 'Human Anatomy');
insert into FIELD (FIELD_ID, FIELD_NAME) values (81, 'Small Business Online Marketing');
insert into FIELD (FIELD_ID, FIELD_NAME) values (82, 'CM Synergy');
insert into FIELD (FIELD_ID, FIELD_NAME) values (83, 'Document Review');
insert into FIELD (FIELD_ID, FIELD_NAME) values (84, 'Food Safety');
insert into FIELD (FIELD_ID, FIELD_NAME) values (85, 'Union Avoidance');
insert into FIELD (FIELD_ID, FIELD_NAME) values (86, 'FDS');
insert into FIELD (FIELD_ID, FIELD_NAME) values (87, 'HMI Design');
insert into FIELD (FIELD_ID, FIELD_NAME) values (88, 'VMI');
insert into FIELD (FIELD_ID, FIELD_NAME) values (89, 'Urban');
insert into FIELD (FIELD_ID, FIELD_NAME) values (90, 'HBase');
insert into FIELD (FIELD_ID, FIELD_NAME) values (91, 'JMX');
insert into FIELD (FIELD_ID, FIELD_NAME) values (92, 'IFTA');
insert into FIELD (FIELD_ID, FIELD_NAME) values (93, 'VMware View');
insert into FIELD (FIELD_ID, FIELD_NAME) values (94, 'DPF');
insert into FIELD (FIELD_ID, FIELD_NAME) values (95, 'Farms');
insert into FIELD (FIELD_ID, FIELD_NAME) values (96, 'SRED');
insert into FIELD (FIELD_ID, FIELD_NAME) values (97, 'FDQM');
insert into FIELD (FIELD_ID, FIELD_NAME) values (98, 'QA Engineering');
insert into FIELD (FIELD_ID, FIELD_NAME) values (99, 'Health Psychology');
insert into FIELD (FIELD_ID, FIELD_NAME) values (100, 'Healthy Eating');

-------------------------------------------------------------------------------
--							  FIELD_ATTRIBUTION								 --
-------------------------------------------------------------------------------
insert into FIELD_ATTRIBUTION (FIELD_ID, ACADEMIC_PAPER_ID) values (54, 5);
insert into FIELD_ATTRIBUTION (FIELD_ID, ACADEMIC_PAPER_ID) values (80, 10);
insert into FIELD_ATTRIBUTION (FIELD_ID, ACADEMIC_PAPER_ID) values (63, 60);
insert into FIELD_ATTRIBUTION (FIELD_ID, ACADEMIC_PAPER_ID) values (20, 60);
insert into FIELD_ATTRIBUTION (FIELD_ID, ACADEMIC_PAPER_ID) values (38, 6);
insert into FIELD_ATTRIBUTION (FIELD_ID, ACADEMIC_PAPER_ID) values (43, 4);
insert into FIELD_ATTRIBUTION (FIELD_ID, ACADEMIC_PAPER_ID) values (28, 39);
insert into FIELD_ATTRIBUTION (FIELD_ID, ACADEMIC_PAPER_ID) values (86, 1);
insert into FIELD_ATTRIBUTION (FIELD_ID, ACADEMIC_PAPER_ID) values (73, 71);
insert into FIELD_ATTRIBUTION (FIELD_ID, ACADEMIC_PAPER_ID) values (94, 28);
insert into FIELD_ATTRIBUTION (FIELD_ID, ACADEMIC_PAPER_ID) values (44, 16);
insert into FIELD_ATTRIBUTION (FIELD_ID, ACADEMIC_PAPER_ID) values (15, 89);
insert into FIELD_ATTRIBUTION (FIELD_ID, ACADEMIC_PAPER_ID) values (8, 7);
insert into FIELD_ATTRIBUTION (FIELD_ID, ACADEMIC_PAPER_ID) values (77, 30);
insert into FIELD_ATTRIBUTION (FIELD_ID, ACADEMIC_PAPER_ID) values (21, 45);
insert into FIELD_ATTRIBUTION (FIELD_ID, ACADEMIC_PAPER_ID) values (14, 84);
insert into FIELD_ATTRIBUTION (FIELD_ID, ACADEMIC_PAPER_ID) values (24, 15);
insert into FIELD_ATTRIBUTION (FIELD_ID, ACADEMIC_PAPER_ID) values (96, 97);
insert into FIELD_ATTRIBUTION (FIELD_ID, ACADEMIC_PAPER_ID) values (83, 11);
insert into FIELD_ATTRIBUTION (FIELD_ID, ACADEMIC_PAPER_ID) values (51, 54);
insert into FIELD_ATTRIBUTION (FIELD_ID, ACADEMIC_PAPER_ID) values (7, 93);
insert into FIELD_ATTRIBUTION (FIELD_ID, ACADEMIC_PAPER_ID) values (23, 52);
insert into FIELD_ATTRIBUTION (FIELD_ID, ACADEMIC_PAPER_ID) values (89, 82);
insert into FIELD_ATTRIBUTION (FIELD_ID, ACADEMIC_PAPER_ID) values (89, 21);
insert into FIELD_ATTRIBUTION (FIELD_ID, ACADEMIC_PAPER_ID) values (39, 17);
insert into FIELD_ATTRIBUTION (FIELD_ID, ACADEMIC_PAPER_ID) values (66, 1);
insert into FIELD_ATTRIBUTION (FIELD_ID, ACADEMIC_PAPER_ID) values (4, 53);
insert into FIELD_ATTRIBUTION (FIELD_ID, ACADEMIC_PAPER_ID) values (43, 74);
insert into FIELD_ATTRIBUTION (FIELD_ID, ACADEMIC_PAPER_ID) values (94, 38);
insert into FIELD_ATTRIBUTION (FIELD_ID, ACADEMIC_PAPER_ID) values (66, 42);
insert into FIELD_ATTRIBUTION (FIELD_ID, ACADEMIC_PAPER_ID) values (39, 73);
insert into FIELD_ATTRIBUTION (FIELD_ID, ACADEMIC_PAPER_ID) values (89, 10);
insert into FIELD_ATTRIBUTION (FIELD_ID, ACADEMIC_PAPER_ID) values (69, 33);
insert into FIELD_ATTRIBUTION (FIELD_ID, ACADEMIC_PAPER_ID) values (57, 46);
insert into FIELD_ATTRIBUTION (FIELD_ID, ACADEMIC_PAPER_ID) values (47, 28);
insert into FIELD_ATTRIBUTION (FIELD_ID, ACADEMIC_PAPER_ID) values (22, 43);
insert into FIELD_ATTRIBUTION (FIELD_ID, ACADEMIC_PAPER_ID) values (59, 31);
insert into FIELD_ATTRIBUTION (FIELD_ID, ACADEMIC_PAPER_ID) values (65, 85);
insert into FIELD_ATTRIBUTION (FIELD_ID, ACADEMIC_PAPER_ID) values (5, 46);
insert into FIELD_ATTRIBUTION (FIELD_ID, ACADEMIC_PAPER_ID) values (52, 72);
insert into FIELD_ATTRIBUTION (FIELD_ID, ACADEMIC_PAPER_ID) values (5, 67);
insert into FIELD_ATTRIBUTION (FIELD_ID, ACADEMIC_PAPER_ID) values (54, 11);
insert into FIELD_ATTRIBUTION (FIELD_ID, ACADEMIC_PAPER_ID) values (63, 1);
insert into FIELD_ATTRIBUTION (FIELD_ID, ACADEMIC_PAPER_ID) values (30, 72);
insert into FIELD_ATTRIBUTION (FIELD_ID, ACADEMIC_PAPER_ID) values (64, 70);
insert into FIELD_ATTRIBUTION (FIELD_ID, ACADEMIC_PAPER_ID) values (50, 7);
insert into FIELD_ATTRIBUTION (FIELD_ID, ACADEMIC_PAPER_ID) values (91, 67);
insert into FIELD_ATTRIBUTION (FIELD_ID, ACADEMIC_PAPER_ID) values (81, 73);
insert into FIELD_ATTRIBUTION (FIELD_ID, ACADEMIC_PAPER_ID) values (31, 96);
insert into FIELD_ATTRIBUTION (FIELD_ID, ACADEMIC_PAPER_ID) values (85, 49);
insert into FIELD_ATTRIBUTION (FIELD_ID, ACADEMIC_PAPER_ID) values (25, 4);
insert into FIELD_ATTRIBUTION (FIELD_ID, ACADEMIC_PAPER_ID) values (90, 75);
insert into FIELD_ATTRIBUTION (FIELD_ID, ACADEMIC_PAPER_ID) values (97, 1);
insert into FIELD_ATTRIBUTION (FIELD_ID, ACADEMIC_PAPER_ID) values (59, 3);
insert into FIELD_ATTRIBUTION (FIELD_ID, ACADEMIC_PAPER_ID) values (91, 26);
insert into FIELD_ATTRIBUTION (FIELD_ID, ACADEMIC_PAPER_ID) values (49, 86);
insert into FIELD_ATTRIBUTION (FIELD_ID, ACADEMIC_PAPER_ID) values (22, 36);
insert into FIELD_ATTRIBUTION (FIELD_ID, ACADEMIC_PAPER_ID) values (50, 66);
insert into FIELD_ATTRIBUTION (FIELD_ID, ACADEMIC_PAPER_ID) values (54, 64);
insert into FIELD_ATTRIBUTION (FIELD_ID, ACADEMIC_PAPER_ID) values (12, 40);
insert into FIELD_ATTRIBUTION (FIELD_ID, ACADEMIC_PAPER_ID) values (85, 71);
insert into FIELD_ATTRIBUTION (FIELD_ID, ACADEMIC_PAPER_ID) values (49, 92);
insert into FIELD_ATTRIBUTION (FIELD_ID, ACADEMIC_PAPER_ID) values (53, 65);
insert into FIELD_ATTRIBUTION (FIELD_ID, ACADEMIC_PAPER_ID) values (21, 51);
insert into FIELD_ATTRIBUTION (FIELD_ID, ACADEMIC_PAPER_ID) values (52, 71);
insert into FIELD_ATTRIBUTION (FIELD_ID, ACADEMIC_PAPER_ID) values (97, 39);
insert into FIELD_ATTRIBUTION (FIELD_ID, ACADEMIC_PAPER_ID) values (76, 33);
insert into FIELD_ATTRIBUTION (FIELD_ID, ACADEMIC_PAPER_ID) values (32, 58);
insert into FIELD_ATTRIBUTION (FIELD_ID, ACADEMIC_PAPER_ID) values (81, 61);
insert into FIELD_ATTRIBUTION (FIELD_ID, ACADEMIC_PAPER_ID) values (25, 47);
insert into FIELD_ATTRIBUTION (FIELD_ID, ACADEMIC_PAPER_ID) values (53, 70);
insert into FIELD_ATTRIBUTION (FIELD_ID, ACADEMIC_PAPER_ID) values (77, 97);
insert into FIELD_ATTRIBUTION (FIELD_ID, ACADEMIC_PAPER_ID) values (88, 45);
insert into FIELD_ATTRIBUTION (FIELD_ID, ACADEMIC_PAPER_ID) values (86, 15);
insert into FIELD_ATTRIBUTION (FIELD_ID, ACADEMIC_PAPER_ID) values (59, 95);
insert into FIELD_ATTRIBUTION (FIELD_ID, ACADEMIC_PAPER_ID) values (24, 82);
insert into FIELD_ATTRIBUTION (FIELD_ID, ACADEMIC_PAPER_ID) values (99, 89);
insert into FIELD_ATTRIBUTION (FIELD_ID, ACADEMIC_PAPER_ID) values (95, 45);
insert into FIELD_ATTRIBUTION (FIELD_ID, ACADEMIC_PAPER_ID) values (46, 100);
insert into FIELD_ATTRIBUTION (FIELD_ID, ACADEMIC_PAPER_ID) values (65, 62);
insert into FIELD_ATTRIBUTION (FIELD_ID, ACADEMIC_PAPER_ID) values (52, 68);
insert into FIELD_ATTRIBUTION (FIELD_ID, ACADEMIC_PAPER_ID) values (43, 91);
insert into FIELD_ATTRIBUTION (FIELD_ID, ACADEMIC_PAPER_ID) values (42, 49);
insert into FIELD_ATTRIBUTION (FIELD_ID, ACADEMIC_PAPER_ID) values (55, 17);
insert into FIELD_ATTRIBUTION (FIELD_ID, ACADEMIC_PAPER_ID) values (61, 32);
insert into FIELD_ATTRIBUTION (FIELD_ID, ACADEMIC_PAPER_ID) values (7, 23);
insert into FIELD_ATTRIBUTION (FIELD_ID, ACADEMIC_PAPER_ID) values (15, 35);
insert into FIELD_ATTRIBUTION (FIELD_ID, ACADEMIC_PAPER_ID) values (91, 87);
insert into FIELD_ATTRIBUTION (FIELD_ID, ACADEMIC_PAPER_ID) values (3, 34);
insert into FIELD_ATTRIBUTION (FIELD_ID, ACADEMIC_PAPER_ID) values (30, 40);
insert into FIELD_ATTRIBUTION (FIELD_ID, ACADEMIC_PAPER_ID) values (55, 51);
insert into FIELD_ATTRIBUTION (FIELD_ID, ACADEMIC_PAPER_ID) values (92, 73);
insert into FIELD_ATTRIBUTION (FIELD_ID, ACADEMIC_PAPER_ID) values (7, 96);
insert into FIELD_ATTRIBUTION (FIELD_ID, ACADEMIC_PAPER_ID) values (85, 57);
insert into FIELD_ATTRIBUTION (FIELD_ID, ACADEMIC_PAPER_ID) values (26, 65);
insert into FIELD_ATTRIBUTION (FIELD_ID, ACADEMIC_PAPER_ID) values (13, 45);
insert into FIELD_ATTRIBUTION (FIELD_ID, ACADEMIC_PAPER_ID) values (49, 66);
insert into FIELD_ATTRIBUTION (FIELD_ID, ACADEMIC_PAPER_ID) values (90, 65);
insert into FIELD_ATTRIBUTION (FIELD_ID, ACADEMIC_PAPER_ID) values (82, 49);
insert into FIELD_ATTRIBUTION (FIELD_ID, ACADEMIC_PAPER_ID) values (62, 74);
insert into FIELD_ATTRIBUTION (FIELD_ID, ACADEMIC_PAPER_ID) values (49, 19);
insert into FIELD_ATTRIBUTION (FIELD_ID, ACADEMIC_PAPER_ID) values (60, 15);
insert into FIELD_ATTRIBUTION (FIELD_ID, ACADEMIC_PAPER_ID) values (57, 71);
insert into FIELD_ATTRIBUTION (FIELD_ID, ACADEMIC_PAPER_ID) values (9, 86);
insert into FIELD_ATTRIBUTION (FIELD_ID, ACADEMIC_PAPER_ID) values (34, 34);
insert into FIELD_ATTRIBUTION (FIELD_ID, ACADEMIC_PAPER_ID) values (47, 1);
insert into FIELD_ATTRIBUTION (FIELD_ID, ACADEMIC_PAPER_ID) values (33, 89);
insert into FIELD_ATTRIBUTION (FIELD_ID, ACADEMIC_PAPER_ID) values (84, 67);
insert into FIELD_ATTRIBUTION (FIELD_ID, ACADEMIC_PAPER_ID) values (79, 29);
insert into FIELD_ATTRIBUTION (FIELD_ID, ACADEMIC_PAPER_ID) values (6, 88);
insert into FIELD_ATTRIBUTION (FIELD_ID, ACADEMIC_PAPER_ID) values (42, 40);
insert into FIELD_ATTRIBUTION (FIELD_ID, ACADEMIC_PAPER_ID) values (66, 85);
insert into FIELD_ATTRIBUTION (FIELD_ID, ACADEMIC_PAPER_ID) values (78, 7);
insert into FIELD_ATTRIBUTION (FIELD_ID, ACADEMIC_PAPER_ID) values (67, 38);
insert into FIELD_ATTRIBUTION (FIELD_ID, ACADEMIC_PAPER_ID) values (35, 93);
insert into FIELD_ATTRIBUTION (FIELD_ID, ACADEMIC_PAPER_ID) values (92, 88);
insert into FIELD_ATTRIBUTION (FIELD_ID, ACADEMIC_PAPER_ID) values (69, 6);
insert into FIELD_ATTRIBUTION (FIELD_ID, ACADEMIC_PAPER_ID) values (43, 87);
insert into FIELD_ATTRIBUTION (FIELD_ID, ACADEMIC_PAPER_ID) values (11, 17);
insert into FIELD_ATTRIBUTION (FIELD_ID, ACADEMIC_PAPER_ID) values (21, 50);
insert into FIELD_ATTRIBUTION (FIELD_ID, ACADEMIC_PAPER_ID) values (67, 16);
insert into FIELD_ATTRIBUTION (FIELD_ID, ACADEMIC_PAPER_ID) values (90, 90);
insert into FIELD_ATTRIBUTION (FIELD_ID, ACADEMIC_PAPER_ID) values (37, 35);
insert into FIELD_ATTRIBUTION (FIELD_ID, ACADEMIC_PAPER_ID) values (39, 62);
insert into FIELD_ATTRIBUTION (FIELD_ID, ACADEMIC_PAPER_ID) values (32, 85);
insert into FIELD_ATTRIBUTION (FIELD_ID, ACADEMIC_PAPER_ID) values (97, 65);
insert into FIELD_ATTRIBUTION (FIELD_ID, ACADEMIC_PAPER_ID) values (66, 46);
insert into FIELD_ATTRIBUTION (FIELD_ID, ACADEMIC_PAPER_ID) values (32, 89);
insert into FIELD_ATTRIBUTION (FIELD_ID, ACADEMIC_PAPER_ID) values (92, 29);
insert into FIELD_ATTRIBUTION (FIELD_ID, ACADEMIC_PAPER_ID) values (33, 48);
insert into FIELD_ATTRIBUTION (FIELD_ID, ACADEMIC_PAPER_ID) values (3, 27);
insert into FIELD_ATTRIBUTION (FIELD_ID, ACADEMIC_PAPER_ID) values (77, 36);
insert into FIELD_ATTRIBUTION (FIELD_ID, ACADEMIC_PAPER_ID) values (39, 58);
insert into FIELD_ATTRIBUTION (FIELD_ID, ACADEMIC_PAPER_ID) values (100, 17);
insert into FIELD_ATTRIBUTION (FIELD_ID, ACADEMIC_PAPER_ID) values (62, 13);
insert into FIELD_ATTRIBUTION (FIELD_ID, ACADEMIC_PAPER_ID) values (12, 9);
insert into FIELD_ATTRIBUTION (FIELD_ID, ACADEMIC_PAPER_ID) values (57, 73);
insert into FIELD_ATTRIBUTION (FIELD_ID, ACADEMIC_PAPER_ID) values (10, 65);
insert into FIELD_ATTRIBUTION (FIELD_ID, ACADEMIC_PAPER_ID) values (13, 48);
insert into FIELD_ATTRIBUTION (FIELD_ID, ACADEMIC_PAPER_ID) values (80, 59);
insert into FIELD_ATTRIBUTION (FIELD_ID, ACADEMIC_PAPER_ID) values (68, 26);
insert into FIELD_ATTRIBUTION (FIELD_ID, ACADEMIC_PAPER_ID) values (36, 76);
insert into FIELD_ATTRIBUTION (FIELD_ID, ACADEMIC_PAPER_ID) values (40, 17);
insert into FIELD_ATTRIBUTION (FIELD_ID, ACADEMIC_PAPER_ID) values (67, 93);
insert into FIELD_ATTRIBUTION (FIELD_ID, ACADEMIC_PAPER_ID) values (85, 83);
insert into FIELD_ATTRIBUTION (FIELD_ID, ACADEMIC_PAPER_ID) values (32, 68);
insert into FIELD_ATTRIBUTION (FIELD_ID, ACADEMIC_PAPER_ID) values (48, 73);
insert into FIELD_ATTRIBUTION (FIELD_ID, ACADEMIC_PAPER_ID) values (66, 9);
insert into FIELD_ATTRIBUTION (FIELD_ID, ACADEMIC_PAPER_ID) values (97, 40);
insert into FIELD_ATTRIBUTION (FIELD_ID, ACADEMIC_PAPER_ID) values (43, 63);
insert into FIELD_ATTRIBUTION (FIELD_ID, ACADEMIC_PAPER_ID) values (77, 47);
insert into FIELD_ATTRIBUTION (FIELD_ID, ACADEMIC_PAPER_ID) values (7, 57);
insert into FIELD_ATTRIBUTION (FIELD_ID, ACADEMIC_PAPER_ID) values (63, 20);
insert into FIELD_ATTRIBUTION (FIELD_ID, ACADEMIC_PAPER_ID) values (6, 64);
insert into FIELD_ATTRIBUTION (FIELD_ID, ACADEMIC_PAPER_ID) values (24, 73);
insert into FIELD_ATTRIBUTION (FIELD_ID, ACADEMIC_PAPER_ID) values (35, 61);
insert into FIELD_ATTRIBUTION (FIELD_ID, ACADEMIC_PAPER_ID) values (9, 61);
insert into FIELD_ATTRIBUTION (FIELD_ID, ACADEMIC_PAPER_ID) values (17, 92);
insert into FIELD_ATTRIBUTION (FIELD_ID, ACADEMIC_PAPER_ID) values (97, 79);
insert into FIELD_ATTRIBUTION (FIELD_ID, ACADEMIC_PAPER_ID) values (51, 7);
insert into FIELD_ATTRIBUTION (FIELD_ID, ACADEMIC_PAPER_ID) values (55, 78);
insert into FIELD_ATTRIBUTION (FIELD_ID, ACADEMIC_PAPER_ID) values (66, 61);
insert into FIELD_ATTRIBUTION (FIELD_ID, ACADEMIC_PAPER_ID) values (84, 2);
insert into FIELD_ATTRIBUTION (FIELD_ID, ACADEMIC_PAPER_ID) values (95, 1);
insert into FIELD_ATTRIBUTION (FIELD_ID, ACADEMIC_PAPER_ID) values (28, 53);
insert into FIELD_ATTRIBUTION (FIELD_ID, ACADEMIC_PAPER_ID) values (90, 68);
insert into FIELD_ATTRIBUTION (FIELD_ID, ACADEMIC_PAPER_ID) values (16, 8);
insert into FIELD_ATTRIBUTION (FIELD_ID, ACADEMIC_PAPER_ID) values (85, 61);
insert into FIELD_ATTRIBUTION (FIELD_ID, ACADEMIC_PAPER_ID) values (73, 1);
insert into FIELD_ATTRIBUTION (FIELD_ID, ACADEMIC_PAPER_ID) values (36, 96);
insert into FIELD_ATTRIBUTION (FIELD_ID, ACADEMIC_PAPER_ID) values (20, 54);
insert into FIELD_ATTRIBUTION (FIELD_ID, ACADEMIC_PAPER_ID) values (81, 77);
insert into FIELD_ATTRIBUTION (FIELD_ID, ACADEMIC_PAPER_ID) values (42, 33);
insert into FIELD_ATTRIBUTION (FIELD_ID, ACADEMIC_PAPER_ID) values (22, 64);
insert into FIELD_ATTRIBUTION (FIELD_ID, ACADEMIC_PAPER_ID) values (68, 81);
insert into FIELD_ATTRIBUTION (FIELD_ID, ACADEMIC_PAPER_ID) values (32, 78);
insert into FIELD_ATTRIBUTION (FIELD_ID, ACADEMIC_PAPER_ID) values (53, 84);
insert into FIELD_ATTRIBUTION (FIELD_ID, ACADEMIC_PAPER_ID) values (36, 59);
insert into FIELD_ATTRIBUTION (FIELD_ID, ACADEMIC_PAPER_ID) values (81, 49);
insert into FIELD_ATTRIBUTION (FIELD_ID, ACADEMIC_PAPER_ID) values (78, 31);
insert into FIELD_ATTRIBUTION (FIELD_ID, ACADEMIC_PAPER_ID) values (40, 42);
insert into FIELD_ATTRIBUTION (FIELD_ID, ACADEMIC_PAPER_ID) values (38, 69);
insert into FIELD_ATTRIBUTION (FIELD_ID, ACADEMIC_PAPER_ID) values (14, 55);
insert into FIELD_ATTRIBUTION (FIELD_ID, ACADEMIC_PAPER_ID) values (12, 10);
insert into FIELD_ATTRIBUTION (FIELD_ID, ACADEMIC_PAPER_ID) values (70, 32);
insert into FIELD_ATTRIBUTION (FIELD_ID, ACADEMIC_PAPER_ID) values (15, 7);
insert into FIELD_ATTRIBUTION (FIELD_ID, ACADEMIC_PAPER_ID) values (42, 39);
insert into FIELD_ATTRIBUTION (FIELD_ID, ACADEMIC_PAPER_ID) values (100, 18);
insert into FIELD_ATTRIBUTION (FIELD_ID, ACADEMIC_PAPER_ID) values (78, 12);
insert into FIELD_ATTRIBUTION (FIELD_ID, ACADEMIC_PAPER_ID) values (28, 18);
insert into FIELD_ATTRIBUTION (FIELD_ID, ACADEMIC_PAPER_ID) values (29, 84);
insert into FIELD_ATTRIBUTION (FIELD_ID, ACADEMIC_PAPER_ID) values (66, 22);
insert into FIELD_ATTRIBUTION (FIELD_ID, ACADEMIC_PAPER_ID) values (6, 25);
insert into FIELD_ATTRIBUTION (FIELD_ID, ACADEMIC_PAPER_ID) values (35, 19);
insert into FIELD_ATTRIBUTION (FIELD_ID, ACADEMIC_PAPER_ID) values (45, 67);
insert into FIELD_ATTRIBUTION (FIELD_ID, ACADEMIC_PAPER_ID) values (26, 30);
insert into FIELD_ATTRIBUTION (FIELD_ID, ACADEMIC_PAPER_ID) values (83, 43);
insert into FIELD_ATTRIBUTION (FIELD_ID, ACADEMIC_PAPER_ID) values (32, 95);

-------------------------------------------------------------------------------
--							  	CONFERENCE									 --
-------------------------------------------------------------------------------
insert into CONFERENCE (CONFERENCE_ID, CONFERENCE_NAME) values (1, 'matrix integrated systems');
insert into CONFERENCE (CONFERENCE_ID, CONFERENCE_NAME) values (2, 'incentivize enterprise e-business');
insert into CONFERENCE (CONFERENCE_ID, CONFERENCE_NAME) values (3, 'repurpose front-end infrastructures');
insert into CONFERENCE (CONFERENCE_ID, CONFERENCE_NAME) values (4, 'drive strategic partnerships');
insert into CONFERENCE (CONFERENCE_ID, CONFERENCE_NAME) values (5, 'embrace ubiquitous initiatives');
insert into CONFERENCE (CONFERENCE_ID, CONFERENCE_NAME) values (6, 'matrix innovative functionalities');
insert into CONFERENCE (CONFERENCE_ID, CONFERENCE_NAME) values (7, 'productize cutting-edge e-tailers');
insert into CONFERENCE (CONFERENCE_ID, CONFERENCE_NAME) values (8, 'synthesize B2C architectures');
insert into CONFERENCE (CONFERENCE_ID, CONFERENCE_NAME) values (9, 'whiteboard seamless portals');
insert into CONFERENCE (CONFERENCE_ID, CONFERENCE_NAME) values (10, 'embrace holistic e-commerce');
insert into CONFERENCE (CONFERENCE_ID, CONFERENCE_NAME) values (11, 'enable world-class bandwidth');
insert into CONFERENCE (CONFERENCE_ID, CONFERENCE_NAME) values (12, 'deploy rich relationships');
insert into CONFERENCE (CONFERENCE_ID, CONFERENCE_NAME) values (13, 'facilitate e-business methodologies');
insert into CONFERENCE (CONFERENCE_ID, CONFERENCE_NAME) values (14, 'incubate 24/7 action-items');
insert into CONFERENCE (CONFERENCE_ID, CONFERENCE_NAME) values (15, 'embrace end-to-end e-services');
insert into CONFERENCE (CONFERENCE_ID, CONFERENCE_NAME) values (16, 'incentivize viral applications');
insert into CONFERENCE (CONFERENCE_ID, CONFERENCE_NAME) values (17, 'brand one-to-one infomediaries');
insert into CONFERENCE (CONFERENCE_ID, CONFERENCE_NAME) values (18, 'innovate collaborative channels');
insert into CONFERENCE (CONFERENCE_ID, CONFERENCE_NAME) values (19, 'synergize leading-edge infrastructures');
insert into CONFERENCE (CONFERENCE_ID, CONFERENCE_NAME) values (20, 'syndicate cross-media eyeballs');
insert into CONFERENCE (CONFERENCE_ID, CONFERENCE_NAME) values (21, 'transition transparent applications');
insert into CONFERENCE (CONFERENCE_ID, CONFERENCE_NAME) values (22, 'reinvent synergistic applications');
insert into CONFERENCE (CONFERENCE_ID, CONFERENCE_NAME) values (23, 'enable transparent niches');
insert into CONFERENCE (CONFERENCE_ID, CONFERENCE_NAME) values (24, 'architect leading-edge solutions');
insert into CONFERENCE (CONFERENCE_ID, CONFERENCE_NAME) values (25, 'streamline intuitive content');
insert into CONFERENCE (CONFERENCE_ID, CONFERENCE_NAME) values (26, 'recontextualize user-centric solutions');
insert into CONFERENCE (CONFERENCE_ID, CONFERENCE_NAME) values (27, 'maximize magnetic technologies');
insert into CONFERENCE (CONFERENCE_ID, CONFERENCE_NAME) values (28, 'target back-end e-services');
insert into CONFERENCE (CONFERENCE_ID, CONFERENCE_NAME) values (29, 'reinvent enterprise portals');
insert into CONFERENCE (CONFERENCE_ID, CONFERENCE_NAME) values (30, 'incubate seamless action-items');
insert into CONFERENCE (CONFERENCE_ID, CONFERENCE_NAME) values (31, 'incentivize ubiquitous infrastructures');
insert into CONFERENCE (CONFERENCE_ID, CONFERENCE_NAME) values (32, 'drive distributed models');
insert into CONFERENCE (CONFERENCE_ID, CONFERENCE_NAME) values (33, 'expedite ubiquitous web services');
insert into CONFERENCE (CONFERENCE_ID, CONFERENCE_NAME) values (34, 'envisioneer best-of-breed functionalities');
insert into CONFERENCE (CONFERENCE_ID, CONFERENCE_NAME) values (35, 'reinvent real-time metrics');
insert into CONFERENCE (CONFERENCE_ID, CONFERENCE_NAME) values (36, 'exploit one-to-one action-items');
insert into CONFERENCE (CONFERENCE_ID, CONFERENCE_NAME) values (37, 'grow e-business mindshare');
insert into CONFERENCE (CONFERENCE_ID, CONFERENCE_NAME) values (38, 'implement end-to-end synergies');
insert into CONFERENCE (CONFERENCE_ID, CONFERENCE_NAME) values (39, 'reinvent dynamic architectures');
insert into CONFERENCE (CONFERENCE_ID, CONFERENCE_NAME) values (40, 'envisioneer mission-critical schemas');
insert into CONFERENCE (CONFERENCE_ID, CONFERENCE_NAME) values (41, 'synthesize cross-platform models');
insert into CONFERENCE (CONFERENCE_ID, CONFERENCE_NAME) values (42, 'monetize seamless e-business');
insert into CONFERENCE (CONFERENCE_ID, CONFERENCE_NAME) values (43, 'orchestrate 24/365 architectures');
insert into CONFERENCE (CONFERENCE_ID, CONFERENCE_NAME) values (44, 'harness seamless communities');
insert into CONFERENCE (CONFERENCE_ID, CONFERENCE_NAME) values (45, 'embrace turn-key networks');
insert into CONFERENCE (CONFERENCE_ID, CONFERENCE_NAME) values (46, 'enable 24/7 channels');
insert into CONFERENCE (CONFERENCE_ID, CONFERENCE_NAME) values (47, 'e-enable turn-key action-items');
insert into CONFERENCE (CONFERENCE_ID, CONFERENCE_NAME) values (48, 'monetize end-to-end systems');
insert into CONFERENCE (CONFERENCE_ID, CONFERENCE_NAME) values (49, 'embrace proactive technologies');
insert into CONFERENCE (CONFERENCE_ID, CONFERENCE_NAME) values (50, 'iterate back-end communities');
insert into CONFERENCE (CONFERENCE_ID, CONFERENCE_NAME) values (51, 'strategize mission-critical e-services');
insert into CONFERENCE (CONFERENCE_ID, CONFERENCE_NAME) values (52, 'revolutionize dot-com e-business');
insert into CONFERENCE (CONFERENCE_ID, CONFERENCE_NAME) values (53, 'evolve enterprise architectures');
insert into CONFERENCE (CONFERENCE_ID, CONFERENCE_NAME) values (54, 'unleash ubiquitous bandwidth');
insert into CONFERENCE (CONFERENCE_ID, CONFERENCE_NAME) values (55, 'cultivate enterprise mindshare');
insert into CONFERENCE (CONFERENCE_ID, CONFERENCE_NAME) values (56, 'visualize holistic supply-chains');
insert into CONFERENCE (CONFERENCE_ID, CONFERENCE_NAME) values (57, 'aggregate cross-platform synergies');
insert into CONFERENCE (CONFERENCE_ID, CONFERENCE_NAME) values (58, 'utilize magnetic architectures');
insert into CONFERENCE (CONFERENCE_ID, CONFERENCE_NAME) values (59, 'drive bleeding-edge mindshare');
insert into CONFERENCE (CONFERENCE_ID, CONFERENCE_NAME) values (60, 'reinvent killer action-items');
insert into CONFERENCE (CONFERENCE_ID, CONFERENCE_NAME) values (61, 'engineer seamless technologies');
insert into CONFERENCE (CONFERENCE_ID, CONFERENCE_NAME) values (62, 'redefine visionary functionalities');
insert into CONFERENCE (CONFERENCE_ID, CONFERENCE_NAME) values (63, 'cultivate bleeding-edge systems');
insert into CONFERENCE (CONFERENCE_ID, CONFERENCE_NAME) values (64, 'enable killer portals');
insert into CONFERENCE (CONFERENCE_ID, CONFERENCE_NAME) values (65, 'morph sticky partnerships');
insert into CONFERENCE (CONFERENCE_ID, CONFERENCE_NAME) values (66, 'reintermediate vertical bandwidth');
insert into CONFERENCE (CONFERENCE_ID, CONFERENCE_NAME) values (67, 'evolve best-of-breed ROI');
insert into CONFERENCE (CONFERENCE_ID, CONFERENCE_NAME) values (68, 'streamline seamless content');
insert into CONFERENCE (CONFERENCE_ID, CONFERENCE_NAME) values (69, 'disintermediate turn-key applications');
insert into CONFERENCE (CONFERENCE_ID, CONFERENCE_NAME) values (70, 'synthesize revolutionary eyeballs');
insert into CONFERENCE (CONFERENCE_ID, CONFERENCE_NAME) values (71, 'brand e-business initiatives');
insert into CONFERENCE (CONFERENCE_ID, CONFERENCE_NAME) values (72, 'deploy interactive initiatives');
insert into CONFERENCE (CONFERENCE_ID, CONFERENCE_NAME) values (73, 'reinvent cross-media web-readiness');
insert into CONFERENCE (CONFERENCE_ID, CONFERENCE_NAME) values (74, 'orchestrate visionary portals');
insert into CONFERENCE (CONFERENCE_ID, CONFERENCE_NAME) values (75, 'streamline world-class solutions');
insert into CONFERENCE (CONFERENCE_ID, CONFERENCE_NAME) values (76, 'cultivate synergistic action-items');
insert into CONFERENCE (CONFERENCE_ID, CONFERENCE_NAME) values (77, 'engineer mission-critical e-markets');
insert into CONFERENCE (CONFERENCE_ID, CONFERENCE_NAME) values (78, 'leverage web-enabled e-services');
insert into CONFERENCE (CONFERENCE_ID, CONFERENCE_NAME) values (79, 'recontextualize real-time portals');
insert into CONFERENCE (CONFERENCE_ID, CONFERENCE_NAME) values (80, 'mesh integrated channels');
insert into CONFERENCE (CONFERENCE_ID, CONFERENCE_NAME) values (81, 'aggregate cross-platform eyeballs');
insert into CONFERENCE (CONFERENCE_ID, CONFERENCE_NAME) values (82, 'repurpose seamless methodologies');
insert into CONFERENCE (CONFERENCE_ID, CONFERENCE_NAME) values (83, 'engineer revolutionary e-services');
insert into CONFERENCE (CONFERENCE_ID, CONFERENCE_NAME) values (84, 'integrate best-of-breed content');
insert into CONFERENCE (CONFERENCE_ID, CONFERENCE_NAME) values (85, 'cultivate visionary users');
insert into CONFERENCE (CONFERENCE_ID, CONFERENCE_NAME) values (86, 'e-enable efficient e-markets');
insert into CONFERENCE (CONFERENCE_ID, CONFERENCE_NAME) values (87, 'engineer back-end deliverables');
insert into CONFERENCE (CONFERENCE_ID, CONFERENCE_NAME) values (88, 'transform next-generation content');
insert into CONFERENCE (CONFERENCE_ID, CONFERENCE_NAME) values (89, 'engage impactful interfaces');
insert into CONFERENCE (CONFERENCE_ID, CONFERENCE_NAME) values (90, 'reinvent leading-edge applications');
insert into CONFERENCE (CONFERENCE_ID, CONFERENCE_NAME) values (91, 'visualize next-generation action-items');
insert into CONFERENCE (CONFERENCE_ID, CONFERENCE_NAME) values (92, 'enhance granular eyeballs');
insert into CONFERENCE (CONFERENCE_ID, CONFERENCE_NAME) values (93, 'strategize turn-key bandwidth');
insert into CONFERENCE (CONFERENCE_ID, CONFERENCE_NAME) values (94, 'monetize collaborative action-items');
insert into CONFERENCE (CONFERENCE_ID, CONFERENCE_NAME) values (95, 'benchmark end-to-end methodologies');
insert into CONFERENCE (CONFERENCE_ID, CONFERENCE_NAME) values (96, 'revolutionize efficient platforms');
insert into CONFERENCE (CONFERENCE_ID, CONFERENCE_NAME) values (97, 'redefine granular networks');
insert into CONFERENCE (CONFERENCE_ID, CONFERENCE_NAME) values (98, 'extend 24/7 partnerships');
insert into CONFERENCE (CONFERENCE_ID, CONFERENCE_NAME) values (99, 'orchestrate end-to-end architectures');
insert into CONFERENCE (CONFERENCE_ID, CONFERENCE_NAME) values (100, 'cultivate innovative experiences');


-------------------------------------------------------------------------------
--							CONFERENCE_EDITION								 --
-------------------------------------------------------------------------------
insert into CONFERENCE_EDITION (CONFERENCE_EDITION_ID, START_DATE, END_DATE, CONFERENCE_ID, CITY_ID) values (1, '11/01/2019', '08/08/2010', 46, 15);
insert into CONFERENCE_EDITION (CONFERENCE_EDITION_ID, START_DATE, END_DATE, CONFERENCE_ID, CITY_ID) values (2, '08/01/2017', '16/02/2009', 65, 9);
insert into CONFERENCE_EDITION (CONFERENCE_EDITION_ID, START_DATE, END_DATE, CONFERENCE_ID, CITY_ID) values (3, '11/09/2010', '14/07/2014', 3, 90);
insert into CONFERENCE_EDITION (CONFERENCE_EDITION_ID, START_DATE, END_DATE, CONFERENCE_ID, CITY_ID) values (4, '14/11/2008', '06/08/2000', 99, 28);
insert into CONFERENCE_EDITION (CONFERENCE_EDITION_ID, START_DATE, END_DATE, CONFERENCE_ID, CITY_ID) values (5, '24/06/2007', '10/11/2004', 41, 36);
insert into CONFERENCE_EDITION (CONFERENCE_EDITION_ID, START_DATE, END_DATE, CONFERENCE_ID, CITY_ID) values (6, '04/11/2005', '29/11/2001', 43, 23);
insert into CONFERENCE_EDITION (CONFERENCE_EDITION_ID, START_DATE, END_DATE, CONFERENCE_ID, CITY_ID) values (7, '03/04/2013', '04/08/2011', 32, 95);
insert into CONFERENCE_EDITION (CONFERENCE_EDITION_ID, START_DATE, END_DATE, CONFERENCE_ID, CITY_ID) values (8, '04/12/2007', '25/12/2006', 9, 36);
insert into CONFERENCE_EDITION (CONFERENCE_EDITION_ID, START_DATE, END_DATE, CONFERENCE_ID, CITY_ID) values (9, '02/03/2004', '04/06/2008', 34, 87);
insert into CONFERENCE_EDITION (CONFERENCE_EDITION_ID, START_DATE, END_DATE, CONFERENCE_ID, CITY_ID) values (10, '27/01/2013', '09/10/2014', 87, 50);
insert into CONFERENCE_EDITION (CONFERENCE_EDITION_ID, START_DATE, END_DATE, CONFERENCE_ID, CITY_ID) values (11, '03/12/2013', '05/09/2013', 45, 74);
insert into CONFERENCE_EDITION (CONFERENCE_EDITION_ID, START_DATE, END_DATE, CONFERENCE_ID, CITY_ID) values (12, '09/03/2019', '19/06/2015', 96, 42);
insert into CONFERENCE_EDITION (CONFERENCE_EDITION_ID, START_DATE, END_DATE, CONFERENCE_ID, CITY_ID) values (13, '03/08/2001', '23/02/2019', 1, 29);
insert into CONFERENCE_EDITION (CONFERENCE_EDITION_ID, START_DATE, END_DATE, CONFERENCE_ID, CITY_ID) values (14, '17/10/2019', '30/04/2004', 26, 47);
insert into CONFERENCE_EDITION (CONFERENCE_EDITION_ID, START_DATE, END_DATE, CONFERENCE_ID, CITY_ID) values (15, '31/07/2015', '30/07/2003', 6, 9);
insert into CONFERENCE_EDITION (CONFERENCE_EDITION_ID, START_DATE, END_DATE, CONFERENCE_ID, CITY_ID) values (16, '11/06/2005', '13/01/2006', 13, 77);
insert into CONFERENCE_EDITION (CONFERENCE_EDITION_ID, START_DATE, END_DATE, CONFERENCE_ID, CITY_ID) values (17, '14/09/2006', '29/10/2012', 31, 38);
insert into CONFERENCE_EDITION (CONFERENCE_EDITION_ID, START_DATE, END_DATE, CONFERENCE_ID, CITY_ID) values (18, '01/07/2017', '23/04/2012', 37, 60);
insert into CONFERENCE_EDITION (CONFERENCE_EDITION_ID, START_DATE, END_DATE, CONFERENCE_ID, CITY_ID) values (19, '02/08/2018', '21/01/2003', 46, 1);
insert into CONFERENCE_EDITION (CONFERENCE_EDITION_ID, START_DATE, END_DATE, CONFERENCE_ID, CITY_ID) values (20, '27/06/2018', '24/11/2009', 17, 6);
insert into CONFERENCE_EDITION (CONFERENCE_EDITION_ID, START_DATE, END_DATE, CONFERENCE_ID, CITY_ID) values (21, '23/06/2002', '16/03/2012', 36, 94);
insert into CONFERENCE_EDITION (CONFERENCE_EDITION_ID, START_DATE, END_DATE, CONFERENCE_ID, CITY_ID) values (22, '21/06/2011', '24/12/2012', 76, 82);
insert into CONFERENCE_EDITION (CONFERENCE_EDITION_ID, START_DATE, END_DATE, CONFERENCE_ID, CITY_ID) values (23, '12/12/2006', '21/09/2006', 35, 7);
insert into CONFERENCE_EDITION (CONFERENCE_EDITION_ID, START_DATE, END_DATE, CONFERENCE_ID, CITY_ID) values (24, '21/02/2016', '28/04/2017', 31, 14);
insert into CONFERENCE_EDITION (CONFERENCE_EDITION_ID, START_DATE, END_DATE, CONFERENCE_ID, CITY_ID) values (25, '13/04/2017', '16/02/2012', 33, 20);
insert into CONFERENCE_EDITION (CONFERENCE_EDITION_ID, START_DATE, END_DATE, CONFERENCE_ID, CITY_ID) values (26, '04/03/2012', '03/09/2004', 55, 8);
insert into CONFERENCE_EDITION (CONFERENCE_EDITION_ID, START_DATE, END_DATE, CONFERENCE_ID, CITY_ID) values (27, '21/09/2003', '21/04/2007', 76, 45);
insert into CONFERENCE_EDITION (CONFERENCE_EDITION_ID, START_DATE, END_DATE, CONFERENCE_ID, CITY_ID) values (28, '09/08/2013', '01/05/2009', 41, 87);
insert into CONFERENCE_EDITION (CONFERENCE_EDITION_ID, START_DATE, END_DATE, CONFERENCE_ID, CITY_ID) values (29, '29/11/2004', '18/03/2014', 82, 51);
insert into CONFERENCE_EDITION (CONFERENCE_EDITION_ID, START_DATE, END_DATE, CONFERENCE_ID, CITY_ID) values (30, '01/09/2011', '24/12/2001', 69, 97);
insert into CONFERENCE_EDITION (CONFERENCE_EDITION_ID, START_DATE, END_DATE, CONFERENCE_ID, CITY_ID) values (31, '20/10/2013', '15/09/2013', 48, 45);
insert into CONFERENCE_EDITION (CONFERENCE_EDITION_ID, START_DATE, END_DATE, CONFERENCE_ID, CITY_ID) values (32, '02/07/2006', '09/03/2006', 21, 25);
insert into CONFERENCE_EDITION (CONFERENCE_EDITION_ID, START_DATE, END_DATE, CONFERENCE_ID, CITY_ID) values (33, '30/11/2005', '26/10/2004', 98, 26);
insert into CONFERENCE_EDITION (CONFERENCE_EDITION_ID, START_DATE, END_DATE, CONFERENCE_ID, CITY_ID) values (34, '21/11/2008', '17/02/2000', 50, 71);
insert into CONFERENCE_EDITION (CONFERENCE_EDITION_ID, START_DATE, END_DATE, CONFERENCE_ID, CITY_ID) values (35, '30/05/2003', '12/05/2003', 23, 36);
insert into CONFERENCE_EDITION (CONFERENCE_EDITION_ID, START_DATE, END_DATE, CONFERENCE_ID, CITY_ID) values (36, '07/03/2015', '08/05/2009', 45, 44);
insert into CONFERENCE_EDITION (CONFERENCE_EDITION_ID, START_DATE, END_DATE, CONFERENCE_ID, CITY_ID) values (37, '20/09/2005', '06/02/2016', 34, 52);
insert into CONFERENCE_EDITION (CONFERENCE_EDITION_ID, START_DATE, END_DATE, CONFERENCE_ID, CITY_ID) values (38, '26/01/2004', '13/02/2004', 81, 56);
insert into CONFERENCE_EDITION (CONFERENCE_EDITION_ID, START_DATE, END_DATE, CONFERENCE_ID, CITY_ID) values (39, '31/10/2002', '30/08/2003', 87, 13);
insert into CONFERENCE_EDITION (CONFERENCE_EDITION_ID, START_DATE, END_DATE, CONFERENCE_ID, CITY_ID) values (40, '27/11/2017', '11/04/2008', 31, 3);
insert into CONFERENCE_EDITION (CONFERENCE_EDITION_ID, START_DATE, END_DATE, CONFERENCE_ID, CITY_ID) values (41, '09/08/2010', '09/09/2009', 74, 27);
insert into CONFERENCE_EDITION (CONFERENCE_EDITION_ID, START_DATE, END_DATE, CONFERENCE_ID, CITY_ID) values (42, '27/02/2006', '02/09/2001', 62, 23);
insert into CONFERENCE_EDITION (CONFERENCE_EDITION_ID, START_DATE, END_DATE, CONFERENCE_ID, CITY_ID) values (43, '16/04/2009', '03/07/2004', 58, 23);
insert into CONFERENCE_EDITION (CONFERENCE_EDITION_ID, START_DATE, END_DATE, CONFERENCE_ID, CITY_ID) values (44, '17/05/2010', '11/12/2018', 97, 50);
insert into CONFERENCE_EDITION (CONFERENCE_EDITION_ID, START_DATE, END_DATE, CONFERENCE_ID, CITY_ID) values (45, '31/05/2003', '22/10/2007', 70, 54);
insert into CONFERENCE_EDITION (CONFERENCE_EDITION_ID, START_DATE, END_DATE, CONFERENCE_ID, CITY_ID) values (46, '14/10/2017', '24/04/2010', 28, 37);
insert into CONFERENCE_EDITION (CONFERENCE_EDITION_ID, START_DATE, END_DATE, CONFERENCE_ID, CITY_ID) values (47, '08/05/2015', '28/06/2019', 64, 11);
insert into CONFERENCE_EDITION (CONFERENCE_EDITION_ID, START_DATE, END_DATE, CONFERENCE_ID, CITY_ID) values (48, '06/06/2006', '26/10/2018', 69, 26);
insert into CONFERENCE_EDITION (CONFERENCE_EDITION_ID, START_DATE, END_DATE, CONFERENCE_ID, CITY_ID) values (49, '06/10/2003', '06/02/2018', 76, 50);
insert into CONFERENCE_EDITION (CONFERENCE_EDITION_ID, START_DATE, END_DATE, CONFERENCE_ID, CITY_ID) values (50, '29/09/2013', '20/03/2011', 25, 23);
insert into CONFERENCE_EDITION (CONFERENCE_EDITION_ID, START_DATE, END_DATE, CONFERENCE_ID, CITY_ID) values (51, '25/02/2019', '24/10/2012', 100, 71);
insert into CONFERENCE_EDITION (CONFERENCE_EDITION_ID, START_DATE, END_DATE, CONFERENCE_ID, CITY_ID) values (52, '25/08/2016', '26/05/2002', 94, 89);
insert into CONFERENCE_EDITION (CONFERENCE_EDITION_ID, START_DATE, END_DATE, CONFERENCE_ID, CITY_ID) values (53, '14/04/2014', '21/03/2019', 87, 57);
insert into CONFERENCE_EDITION (CONFERENCE_EDITION_ID, START_DATE, END_DATE, CONFERENCE_ID, CITY_ID) values (54, '20/06/2013', '16/10/2008', 68, 6);
insert into CONFERENCE_EDITION (CONFERENCE_EDITION_ID, START_DATE, END_DATE, CONFERENCE_ID, CITY_ID) values (55, '26/12/2011', '29/08/2015', 23, 22);
insert into CONFERENCE_EDITION (CONFERENCE_EDITION_ID, START_DATE, END_DATE, CONFERENCE_ID, CITY_ID) values (56, '09/07/2019', '26/04/2003', 59, 84);
insert into CONFERENCE_EDITION (CONFERENCE_EDITION_ID, START_DATE, END_DATE, CONFERENCE_ID, CITY_ID) values (57, '30/06/2016', '12/08/2007', 97, 80);
insert into CONFERENCE_EDITION (CONFERENCE_EDITION_ID, START_DATE, END_DATE, CONFERENCE_ID, CITY_ID) values (58, '15/01/2018', '31/01/2004', 54, 28);
insert into CONFERENCE_EDITION (CONFERENCE_EDITION_ID, START_DATE, END_DATE, CONFERENCE_ID, CITY_ID) values (59, '04/12/2002', '31/07/2019', 53, 74);
insert into CONFERENCE_EDITION (CONFERENCE_EDITION_ID, START_DATE, END_DATE, CONFERENCE_ID, CITY_ID) values (60, '09/10/2002', '29/06/2003', 26, 35);
insert into CONFERENCE_EDITION (CONFERENCE_EDITION_ID, START_DATE, END_DATE, CONFERENCE_ID, CITY_ID) values (61, '24/05/2010', '06/03/2007', 61, 43);
insert into CONFERENCE_EDITION (CONFERENCE_EDITION_ID, START_DATE, END_DATE, CONFERENCE_ID, CITY_ID) values (62, '06/02/2015', '18/12/2013', 79, 27);
insert into CONFERENCE_EDITION (CONFERENCE_EDITION_ID, START_DATE, END_DATE, CONFERENCE_ID, CITY_ID) values (63, '21/12/2016', '09/01/2009', 68, 75);
insert into CONFERENCE_EDITION (CONFERENCE_EDITION_ID, START_DATE, END_DATE, CONFERENCE_ID, CITY_ID) values (64, '01/01/2013', '23/02/2006', 49, 24);
insert into CONFERENCE_EDITION (CONFERENCE_EDITION_ID, START_DATE, END_DATE, CONFERENCE_ID, CITY_ID) values (65, '05/01/2019', '11/06/2015', 62, 91);
insert into CONFERENCE_EDITION (CONFERENCE_EDITION_ID, START_DATE, END_DATE, CONFERENCE_ID, CITY_ID) values (66, '05/08/2006', '25/10/2005', 100, 68);
insert into CONFERENCE_EDITION (CONFERENCE_EDITION_ID, START_DATE, END_DATE, CONFERENCE_ID, CITY_ID) values (67, '19/04/2000', '18/03/2016', 100, 3);
insert into CONFERENCE_EDITION (CONFERENCE_EDITION_ID, START_DATE, END_DATE, CONFERENCE_ID, CITY_ID) values (68, '03/06/2003', '06/06/2012', 35, 92);
insert into CONFERENCE_EDITION (CONFERENCE_EDITION_ID, START_DATE, END_DATE, CONFERENCE_ID, CITY_ID) values (69, '30/03/2014', '06/06/2018', 40, 95);
insert into CONFERENCE_EDITION (CONFERENCE_EDITION_ID, START_DATE, END_DATE, CONFERENCE_ID, CITY_ID) values (70, '05/04/2017', '08/06/2006', 7, 42);
insert into CONFERENCE_EDITION (CONFERENCE_EDITION_ID, START_DATE, END_DATE, CONFERENCE_ID, CITY_ID) values (71, '01/04/2013', '13/02/2008', 13, 62);
insert into CONFERENCE_EDITION (CONFERENCE_EDITION_ID, START_DATE, END_DATE, CONFERENCE_ID, CITY_ID) values (72, '04/05/2002', '19/06/2017', 61, 50);
insert into CONFERENCE_EDITION (CONFERENCE_EDITION_ID, START_DATE, END_DATE, CONFERENCE_ID, CITY_ID) values (73, '18/05/2001', '09/09/2017', 23, 100);
insert into CONFERENCE_EDITION (CONFERENCE_EDITION_ID, START_DATE, END_DATE, CONFERENCE_ID, CITY_ID) values (74, '19/08/2007', '30/09/2019', 33, 56);
insert into CONFERENCE_EDITION (CONFERENCE_EDITION_ID, START_DATE, END_DATE, CONFERENCE_ID, CITY_ID) values (75, '13/08/2008', '18/01/2019', 69, 61);
insert into CONFERENCE_EDITION (CONFERENCE_EDITION_ID, START_DATE, END_DATE, CONFERENCE_ID, CITY_ID) values (76, '23/04/2014', '09/03/2013', 76, 21);
insert into CONFERENCE_EDITION (CONFERENCE_EDITION_ID, START_DATE, END_DATE, CONFERENCE_ID, CITY_ID) values (77, '03/06/2015', '07/03/2014', 88, 46);
insert into CONFERENCE_EDITION (CONFERENCE_EDITION_ID, START_DATE, END_DATE, CONFERENCE_ID, CITY_ID) values (78, '27/12/2008', '19/04/2012', 94, 39);
insert into CONFERENCE_EDITION (CONFERENCE_EDITION_ID, START_DATE, END_DATE, CONFERENCE_ID, CITY_ID) values (79, '06/03/2014', '15/10/2002', 73, 47);
insert into CONFERENCE_EDITION (CONFERENCE_EDITION_ID, START_DATE, END_DATE, CONFERENCE_ID, CITY_ID) values (80, '17/09/2006', '25/03/2015', 68, 78);
insert into CONFERENCE_EDITION (CONFERENCE_EDITION_ID, START_DATE, END_DATE, CONFERENCE_ID, CITY_ID) values (81, '27/10/2003', '24/07/2012', 41, 66);
insert into CONFERENCE_EDITION (CONFERENCE_EDITION_ID, START_DATE, END_DATE, CONFERENCE_ID, CITY_ID) values (82, '16/01/2008', '16/05/2005', 84, 74);
insert into CONFERENCE_EDITION (CONFERENCE_EDITION_ID, START_DATE, END_DATE, CONFERENCE_ID, CITY_ID) values (83, '25/12/2006', '01/06/2009', 14, 88);
insert into CONFERENCE_EDITION (CONFERENCE_EDITION_ID, START_DATE, END_DATE, CONFERENCE_ID, CITY_ID) values (84, '19/08/2011', '09/06/2000', 64, 86);
insert into CONFERENCE_EDITION (CONFERENCE_EDITION_ID, START_DATE, END_DATE, CONFERENCE_ID, CITY_ID) values (85, '01/02/2010', '20/08/2004', 49, 10);
insert into CONFERENCE_EDITION (CONFERENCE_EDITION_ID, START_DATE, END_DATE, CONFERENCE_ID, CITY_ID) values (86, '23/03/2020', '29/03/2020', 78, 4);
insert into CONFERENCE_EDITION (CONFERENCE_EDITION_ID, START_DATE, END_DATE, CONFERENCE_ID, CITY_ID) values (87, '18/01/2013', '29/08/2002', 10, 3);
insert into CONFERENCE_EDITION (CONFERENCE_EDITION_ID, START_DATE, END_DATE, CONFERENCE_ID, CITY_ID) values (88, '07/02/2010', '01/12/2008', 91, 64);
insert into CONFERENCE_EDITION (CONFERENCE_EDITION_ID, START_DATE, END_DATE, CONFERENCE_ID, CITY_ID) values (89, '22/08/2017', '05/03/2010', 15, 47);
insert into CONFERENCE_EDITION (CONFERENCE_EDITION_ID, START_DATE, END_DATE, CONFERENCE_ID, CITY_ID) values (90, '29/06/2019', '18/01/2020', 1, 78);
insert into CONFERENCE_EDITION (CONFERENCE_EDITION_ID, START_DATE, END_DATE, CONFERENCE_ID, CITY_ID) values (91, '12/02/2011', '13/02/2016', 53, 31);
insert into CONFERENCE_EDITION (CONFERENCE_EDITION_ID, START_DATE, END_DATE, CONFERENCE_ID, CITY_ID) values (92, '11/04/2012', '27/09/2007', 45, 10);
insert into CONFERENCE_EDITION (CONFERENCE_EDITION_ID, START_DATE, END_DATE, CONFERENCE_ID, CITY_ID) values (93, '19/11/2015', '01/03/2016', 70, 77);
insert into CONFERENCE_EDITION (CONFERENCE_EDITION_ID, START_DATE, END_DATE, CONFERENCE_ID, CITY_ID) values (94, '02/03/2010', '25/02/2014', 19, 41);
insert into CONFERENCE_EDITION (CONFERENCE_EDITION_ID, START_DATE, END_DATE, CONFERENCE_ID, CITY_ID) values (95, '18/06/2008', '29/09/2019', 66, 60);
insert into CONFERENCE_EDITION (CONFERENCE_EDITION_ID, START_DATE, END_DATE, CONFERENCE_ID, CITY_ID) values (96, '10/12/2000', '10/06/2004', 78, 49);
insert into CONFERENCE_EDITION (CONFERENCE_EDITION_ID, START_DATE, END_DATE, CONFERENCE_ID, CITY_ID) values (97, '31/12/2006', '05/02/2017', 47, 53);
insert into CONFERENCE_EDITION (CONFERENCE_EDITION_ID, START_DATE, END_DATE, CONFERENCE_ID, CITY_ID) values (98, '16/12/2012', '04/10/2007', 64, 34);
insert into CONFERENCE_EDITION (CONFERENCE_EDITION_ID, START_DATE, END_DATE, CONFERENCE_ID, CITY_ID) values (99, '04/07/2006', '11/05/2004', 83, 68);
insert into CONFERENCE_EDITION (CONFERENCE_EDITION_ID, START_DATE, END_DATE, CONFERENCE_ID, CITY_ID) values (100, '26/09/2014', '17/09/2008', 19, 57);


-------------------------------------------------------------------------------
--								SUBMISSION									 --
-------------------------------------------------------------------------------
insert into SUBMISSION (SUBMISSION_DATE, ACCEPTED, ACADEMIC_PAPER_ID, CONFERENCE_EDITION_ID) values ('03/11/2003', 1, 6, 90);
insert into SUBMISSION (SUBMISSION_DATE, ACCEPTED, ACADEMIC_PAPER_ID, CONFERENCE_EDITION_ID) values ('03/11/2020', 1, 1, 90);
insert into SUBMISSION (SUBMISSION_DATE, ACCEPTED, ACADEMIC_PAPER_ID, CONFERENCE_EDITION_ID) values ('23/11/2011', 0, 20, 13);
insert into SUBMISSION (SUBMISSION_DATE, ACCEPTED, ACADEMIC_PAPER_ID, CONFERENCE_EDITION_ID) values ('14/08/2011', 1, 75, 44);
insert into SUBMISSION (SUBMISSION_DATE, ACCEPTED, ACADEMIC_PAPER_ID, CONFERENCE_EDITION_ID) values ('01/01/2000', 0, 34, 36);
insert into SUBMISSION (SUBMISSION_DATE, ACCEPTED, ACADEMIC_PAPER_ID, CONFERENCE_EDITION_ID) values ('30/10/2014', 0, 36, 71);
insert into SUBMISSION (SUBMISSION_DATE, ACCEPTED, ACADEMIC_PAPER_ID, CONFERENCE_EDITION_ID) values ('14/04/2012', 1, 93, 50);
insert into SUBMISSION (SUBMISSION_DATE, ACCEPTED, ACADEMIC_PAPER_ID, CONFERENCE_EDITION_ID) values ('22/04/2003', 1, 40, 14);
insert into SUBMISSION (SUBMISSION_DATE, ACCEPTED, ACADEMIC_PAPER_ID, CONFERENCE_EDITION_ID) values ('31/03/2013', 0, 56, 86);
insert into SUBMISSION (SUBMISSION_DATE, ACCEPTED, ACADEMIC_PAPER_ID, CONFERENCE_EDITION_ID) values ('25/04/2000', 0, 16, 83);
insert into SUBMISSION (SUBMISSION_DATE, ACCEPTED, ACADEMIC_PAPER_ID, CONFERENCE_EDITION_ID) values ('18/09/2016', 0, 39, 49);
insert into SUBMISSION (SUBMISSION_DATE, ACCEPTED, ACADEMIC_PAPER_ID, CONFERENCE_EDITION_ID) values ('03/06/2006', 0, 98, 37);
insert into SUBMISSION (SUBMISSION_DATE, ACCEPTED, ACADEMIC_PAPER_ID, CONFERENCE_EDITION_ID) values ('17/03/2009', 0, 7, 28);
insert into SUBMISSION (SUBMISSION_DATE, ACCEPTED, ACADEMIC_PAPER_ID, CONFERENCE_EDITION_ID) values ('20/10/2012', 0, 70, 89);
insert into SUBMISSION (SUBMISSION_DATE, ACCEPTED, ACADEMIC_PAPER_ID, CONFERENCE_EDITION_ID) values ('26/04/2009', 0, 14, 39);
insert into SUBMISSION (SUBMISSION_DATE, ACCEPTED, ACADEMIC_PAPER_ID, CONFERENCE_EDITION_ID) values ('30/04/2018', 0, 22, 57);
insert into SUBMISSION (SUBMISSION_DATE, ACCEPTED, ACADEMIC_PAPER_ID, CONFERENCE_EDITION_ID) values ('25/12/2003', 0, 21, 12);
insert into SUBMISSION (SUBMISSION_DATE, ACCEPTED, ACADEMIC_PAPER_ID, CONFERENCE_EDITION_ID) values ('29/12/2017', null, 15, 23);
insert into SUBMISSION (SUBMISSION_DATE, ACCEPTED, ACADEMIC_PAPER_ID, CONFERENCE_EDITION_ID) values ('09/05/2009', 0, 5, 96);
insert into SUBMISSION (SUBMISSION_DATE, ACCEPTED, ACADEMIC_PAPER_ID, CONFERENCE_EDITION_ID) values ('19/07/2001', 0, 39, 61);
insert into SUBMISSION (SUBMISSION_DATE, ACCEPTED, ACADEMIC_PAPER_ID, CONFERENCE_EDITION_ID) values ('12/02/2018', 1, 68, 47);
insert into SUBMISSION (SUBMISSION_DATE, ACCEPTED, ACADEMIC_PAPER_ID, CONFERENCE_EDITION_ID) values ('26/04/2005', 0, 59, 14);
insert into SUBMISSION (SUBMISSION_DATE, ACCEPTED, ACADEMIC_PAPER_ID, CONFERENCE_EDITION_ID) values ('05/04/2013', 1, 96, 70);
insert into SUBMISSION (SUBMISSION_DATE, ACCEPTED, ACADEMIC_PAPER_ID, CONFERENCE_EDITION_ID) values ('15/05/2009', 1, 48, 23);
insert into SUBMISSION (SUBMISSION_DATE, ACCEPTED, ACADEMIC_PAPER_ID, CONFERENCE_EDITION_ID) values ('29/09/2005', 0, 71, 8);
insert into SUBMISSION (SUBMISSION_DATE, ACCEPTED, ACADEMIC_PAPER_ID, CONFERENCE_EDITION_ID) values ('11/10/2015', 1, 36, 28);
insert into SUBMISSION (SUBMISSION_DATE, ACCEPTED, ACADEMIC_PAPER_ID, CONFERENCE_EDITION_ID) values ('06/10/2005', 1, 35, 36);
insert into SUBMISSION (SUBMISSION_DATE, ACCEPTED, ACADEMIC_PAPER_ID, CONFERENCE_EDITION_ID) values ('07/11/2016', 0, 70, 20);
insert into SUBMISSION (SUBMISSION_DATE, ACCEPTED, ACADEMIC_PAPER_ID, CONFERENCE_EDITION_ID) values ('28/09/2010', 1, 59, 65);
insert into SUBMISSION (SUBMISSION_DATE, ACCEPTED, ACADEMIC_PAPER_ID, CONFERENCE_EDITION_ID) values ('05/03/2002', 0, 50, 28);
insert into SUBMISSION (SUBMISSION_DATE, ACCEPTED, ACADEMIC_PAPER_ID, CONFERENCE_EDITION_ID) values ('06/05/2001', 1, 83, 93);
insert into SUBMISSION (SUBMISSION_DATE, ACCEPTED, ACADEMIC_PAPER_ID, CONFERENCE_EDITION_ID) values ('21/09/2015', 1, 31, 43);
insert into SUBMISSION (SUBMISSION_DATE, ACCEPTED, ACADEMIC_PAPER_ID, CONFERENCE_EDITION_ID) values ('30/09/2013', 0, 91, 88);
insert into SUBMISSION (SUBMISSION_DATE, ACCEPTED, ACADEMIC_PAPER_ID, CONFERENCE_EDITION_ID) values ('26/11/2002', 0, 69, 11);
insert into SUBMISSION (SUBMISSION_DATE, ACCEPTED, ACADEMIC_PAPER_ID, CONFERENCE_EDITION_ID) values ('30/06/2002', 0, 48, 80);
insert into SUBMISSION (SUBMISSION_DATE, ACCEPTED, ACADEMIC_PAPER_ID, CONFERENCE_EDITION_ID) values ('15/01/2002', 1, 71, 91);
insert into SUBMISSION (SUBMISSION_DATE, ACCEPTED, ACADEMIC_PAPER_ID, CONFERENCE_EDITION_ID) values ('10/07/2007', 1, 5, 79);
insert into SUBMISSION (SUBMISSION_DATE, ACCEPTED, ACADEMIC_PAPER_ID, CONFERENCE_EDITION_ID) values ('07/04/2008', 1, 59, 89);
insert into SUBMISSION (SUBMISSION_DATE, ACCEPTED, ACADEMIC_PAPER_ID, CONFERENCE_EDITION_ID) values ('29/05/2013', 1, 6, 13);
insert into SUBMISSION (SUBMISSION_DATE, ACCEPTED, ACADEMIC_PAPER_ID, CONFERENCE_EDITION_ID) values ('17/05/2004', 1, 89, 72);
insert into SUBMISSION (SUBMISSION_DATE, ACCEPTED, ACADEMIC_PAPER_ID, CONFERENCE_EDITION_ID) values ('11/01/2000', 0, 81, 50);
insert into SUBMISSION (SUBMISSION_DATE, ACCEPTED, ACADEMIC_PAPER_ID, CONFERENCE_EDITION_ID) values ('27/03/2002', 0, 40, 63);
insert into SUBMISSION (SUBMISSION_DATE, ACCEPTED, ACADEMIC_PAPER_ID, CONFERENCE_EDITION_ID) values ('13/07/2017', 1, 50, 24);
insert into SUBMISSION (SUBMISSION_DATE, ACCEPTED, ACADEMIC_PAPER_ID, CONFERENCE_EDITION_ID) values ('30/11/2011', 1, 83, 27);
insert into SUBMISSION (SUBMISSION_DATE, ACCEPTED, ACADEMIC_PAPER_ID, CONFERENCE_EDITION_ID) values ('02/12/2002', 1, 27, 62);
insert into SUBMISSION (SUBMISSION_DATE, ACCEPTED, ACADEMIC_PAPER_ID, CONFERENCE_EDITION_ID) values ('31/12/2002', 0, 2, 35);
insert into SUBMISSION (SUBMISSION_DATE, ACCEPTED, ACADEMIC_PAPER_ID, CONFERENCE_EDITION_ID) values ('10/04/2018', 1, 13, 69);
insert into SUBMISSION (SUBMISSION_DATE, ACCEPTED, ACADEMIC_PAPER_ID, CONFERENCE_EDITION_ID) values ('07/05/2004', 0, 100, 11);
insert into SUBMISSION (SUBMISSION_DATE, ACCEPTED, ACADEMIC_PAPER_ID, CONFERENCE_EDITION_ID) values ('07/08/2000', 1, 7, 23);
insert into SUBMISSION (SUBMISSION_DATE, ACCEPTED, ACADEMIC_PAPER_ID, CONFERENCE_EDITION_ID) values ('16/11/2009', 0, 95, 35);
insert into SUBMISSION (SUBMISSION_DATE, ACCEPTED, ACADEMIC_PAPER_ID, CONFERENCE_EDITION_ID) values ('22/08/2006', 0, 66, 83);
insert into SUBMISSION (SUBMISSION_DATE, ACCEPTED, ACADEMIC_PAPER_ID, CONFERENCE_EDITION_ID) values ('14/08/2005', 1, 62, 27);
insert into SUBMISSION (SUBMISSION_DATE, ACCEPTED, ACADEMIC_PAPER_ID, CONFERENCE_EDITION_ID) values ('21/07/2003', 1, 82, 89);
insert into SUBMISSION (SUBMISSION_DATE, ACCEPTED, ACADEMIC_PAPER_ID, CONFERENCE_EDITION_ID) values ('16/05/2005', 1, 51, 38);
insert into SUBMISSION (SUBMISSION_DATE, ACCEPTED, ACADEMIC_PAPER_ID, CONFERENCE_EDITION_ID) values ('28/05/2005', 0, 79, 12);
insert into SUBMISSION (SUBMISSION_DATE, ACCEPTED, ACADEMIC_PAPER_ID, CONFERENCE_EDITION_ID) values ('02/01/2019', 0, 16, 86);
insert into SUBMISSION (SUBMISSION_DATE, ACCEPTED, ACADEMIC_PAPER_ID, CONFERENCE_EDITION_ID) values ('14/07/2005', 1, 37, 28);
insert into SUBMISSION (SUBMISSION_DATE, ACCEPTED, ACADEMIC_PAPER_ID, CONFERENCE_EDITION_ID) values ('04/09/2002', null, 24, 71);
insert into SUBMISSION (SUBMISSION_DATE, ACCEPTED, ACADEMIC_PAPER_ID, CONFERENCE_EDITION_ID) values ('08/07/2000', 1, 48, 96);
insert into SUBMISSION (SUBMISSION_DATE, ACCEPTED, ACADEMIC_PAPER_ID, CONFERENCE_EDITION_ID) values ('26/08/2019', 0, 86, 67);
insert into SUBMISSION (SUBMISSION_DATE, ACCEPTED, ACADEMIC_PAPER_ID, CONFERENCE_EDITION_ID) values ('19/02/2006', 0, 19, 51);
insert into SUBMISSION (SUBMISSION_DATE, ACCEPTED, ACADEMIC_PAPER_ID, CONFERENCE_EDITION_ID) values ('12/04/2001', null, 58, 58);
insert into SUBMISSION (SUBMISSION_DATE, ACCEPTED, ACADEMIC_PAPER_ID, CONFERENCE_EDITION_ID) values ('31/12/2006', 0, 86, 25);
insert into SUBMISSION (SUBMISSION_DATE, ACCEPTED, ACADEMIC_PAPER_ID, CONFERENCE_EDITION_ID) values ('04/01/2012', 1, 98, 16);
insert into SUBMISSION (SUBMISSION_DATE, ACCEPTED, ACADEMIC_PAPER_ID, CONFERENCE_EDITION_ID) values ('20/05/2015', 0, 93, 53);
insert into SUBMISSION (SUBMISSION_DATE, ACCEPTED, ACADEMIC_PAPER_ID, CONFERENCE_EDITION_ID) values ('01/08/2009', 1, 22, 3);
insert into SUBMISSION (SUBMISSION_DATE, ACCEPTED, ACADEMIC_PAPER_ID, CONFERENCE_EDITION_ID) values ('30/05/2016', 1, 61, 5);
insert into SUBMISSION (SUBMISSION_DATE, ACCEPTED, ACADEMIC_PAPER_ID, CONFERENCE_EDITION_ID) values ('31/10/2008', 0, 91, 26);
insert into SUBMISSION (SUBMISSION_DATE, ACCEPTED, ACADEMIC_PAPER_ID, CONFERENCE_EDITION_ID) values ('29/09/2013', 1, 35, 47);
insert into SUBMISSION (SUBMISSION_DATE, ACCEPTED, ACADEMIC_PAPER_ID, CONFERENCE_EDITION_ID) values ('24/06/2001', 1, 84, 76);
insert into SUBMISSION (SUBMISSION_DATE, ACCEPTED, ACADEMIC_PAPER_ID, CONFERENCE_EDITION_ID) values ('10/05/2017', 1, 5, 75);
insert into SUBMISSION (SUBMISSION_DATE, ACCEPTED, ACADEMIC_PAPER_ID, CONFERENCE_EDITION_ID) values ('12/11/2002', 1, 71, 4);
insert into SUBMISSION (SUBMISSION_DATE, ACCEPTED, ACADEMIC_PAPER_ID, CONFERENCE_EDITION_ID) values ('06/03/2015', 0, 34, 78);
insert into SUBMISSION (SUBMISSION_DATE, ACCEPTED, ACADEMIC_PAPER_ID, CONFERENCE_EDITION_ID) values ('11/12/2018', 0, 89, 10);
insert into SUBMISSION (SUBMISSION_DATE, ACCEPTED, ACADEMIC_PAPER_ID, CONFERENCE_EDITION_ID) values ('31/03/2019', 1, 50, 2);
insert into SUBMISSION (SUBMISSION_DATE, ACCEPTED, ACADEMIC_PAPER_ID, CONFERENCE_EDITION_ID) values ('27/05/2016', 1, 98, 36);
insert into SUBMISSION (SUBMISSION_DATE, ACCEPTED, ACADEMIC_PAPER_ID, CONFERENCE_EDITION_ID) values ('24/10/2015', 1, 35, 26);
insert into SUBMISSION (SUBMISSION_DATE, ACCEPTED, ACADEMIC_PAPER_ID, CONFERENCE_EDITION_ID) values ('14/08/2009', 1, 46, 100);
insert into SUBMISSION (SUBMISSION_DATE, ACCEPTED, ACADEMIC_PAPER_ID, CONFERENCE_EDITION_ID) values ('07/09/2013', 1, 98, 8);
insert into SUBMISSION (SUBMISSION_DATE, ACCEPTED, ACADEMIC_PAPER_ID, CONFERENCE_EDITION_ID) values ('22/12/2003', 0, 46, 99);
insert into SUBMISSION (SUBMISSION_DATE, ACCEPTED, ACADEMIC_PAPER_ID, CONFERENCE_EDITION_ID) values ('17/01/2016', 0, 9, 18);
insert into SUBMISSION (SUBMISSION_DATE, ACCEPTED, ACADEMIC_PAPER_ID, CONFERENCE_EDITION_ID) values ('02/01/2017', null, 76, 100);
insert into SUBMISSION (SUBMISSION_DATE, ACCEPTED, ACADEMIC_PAPER_ID, CONFERENCE_EDITION_ID) values ('08/04/2010', 1, 92, 56);
insert into SUBMISSION (SUBMISSION_DATE, ACCEPTED, ACADEMIC_PAPER_ID, CONFERENCE_EDITION_ID) values ('02/05/2017', 1, 49, 51);
insert into SUBMISSION (SUBMISSION_DATE, ACCEPTED, ACADEMIC_PAPER_ID, CONFERENCE_EDITION_ID) values ('08/10/2012', 0, 56, 51);
insert into SUBMISSION (SUBMISSION_DATE, ACCEPTED, ACADEMIC_PAPER_ID, CONFERENCE_EDITION_ID) values ('27/01/2012', 1, 52, 89);
insert into SUBMISSION (SUBMISSION_DATE, ACCEPTED, ACADEMIC_PAPER_ID, CONFERENCE_EDITION_ID) values ('26/10/2002', 0, 5, 28);
insert into SUBMISSION (SUBMISSION_DATE, ACCEPTED, ACADEMIC_PAPER_ID, CONFERENCE_EDITION_ID) values ('26/12/2015', 1, 42, 66);
insert into SUBMISSION (SUBMISSION_DATE, ACCEPTED, ACADEMIC_PAPER_ID, CONFERENCE_EDITION_ID) values ('26/10/2001', 0, 97, 18);
insert into SUBMISSION (SUBMISSION_DATE, ACCEPTED, ACADEMIC_PAPER_ID, CONFERENCE_EDITION_ID) values ('01/12/2013', 0, 40, 35);
insert into SUBMISSION (SUBMISSION_DATE, ACCEPTED, ACADEMIC_PAPER_ID, CONFERENCE_EDITION_ID) values ('03/07/2008', 1, 70, 36);
insert into SUBMISSION (SUBMISSION_DATE, ACCEPTED, ACADEMIC_PAPER_ID, CONFERENCE_EDITION_ID) values ('19/05/2002', 1, 75, 92);
insert into SUBMISSION (SUBMISSION_DATE, ACCEPTED, ACADEMIC_PAPER_ID, CONFERENCE_EDITION_ID) values ('17/04/2006', 1, 78, 62);
insert into SUBMISSION (SUBMISSION_DATE, ACCEPTED, ACADEMIC_PAPER_ID, CONFERENCE_EDITION_ID) values ('01/12/2002', 0, 65, 10);
insert into SUBMISSION (SUBMISSION_DATE, ACCEPTED, ACADEMIC_PAPER_ID, CONFERENCE_EDITION_ID) values ('27/03/2017', 1, 31, 15);
insert into SUBMISSION (SUBMISSION_DATE, ACCEPTED, ACADEMIC_PAPER_ID, CONFERENCE_EDITION_ID) values ('17/11/2007', 1, 69, 45);
insert into SUBMISSION (SUBMISSION_DATE, ACCEPTED, ACADEMIC_PAPER_ID, CONFERENCE_EDITION_ID) values ('12/12/2009', 0, 13, 38);
insert into SUBMISSION (SUBMISSION_DATE, ACCEPTED, ACADEMIC_PAPER_ID, CONFERENCE_EDITION_ID) values ('22/06/2014', 0, 33, 53);
insert into SUBMISSION (SUBMISSION_DATE, ACCEPTED, ACADEMIC_PAPER_ID, CONFERENCE_EDITION_ID) values ('18/02/2012', 1, 80, 83);
insert into SUBMISSION (SUBMISSION_DATE, ACCEPTED, ACADEMIC_PAPER_ID, CONFERENCE_EDITION_ID) values ('22/01/2015', 0, 43, 98);
insert into SUBMISSION (SUBMISSION_DATE, ACCEPTED, ACADEMIC_PAPER_ID, CONFERENCE_EDITION_ID) values ('02/08/2009', 0, 70, 96);
insert into SUBMISSION (SUBMISSION_DATE, ACCEPTED, ACADEMIC_PAPER_ID, CONFERENCE_EDITION_ID) values ('02/04/2006', 0, 8, 63);

exec ZAPNI_CIZI_KLICE;
